prompt,code,model1_response,model2_response
Summarize the functionality of the following method:,"
public Map<String, Integer> countWordFrequency(List<String> words) {
    Map<String, Integer> freqMap = new HashMap<>();
    for (String word : words) {
        freqMap.put(word, freqMap.getOrDefault(word, 0) + 1);
    }
    return freqMap;
}
","This method `countWordFrequency` takes a list of strings (`words`) as input and returns a map where:

- The **keys** are the unique words from the list.
- The **values** are the counts of how many times each word appears in the list.

In other words, it counts the frequency of each word in the input list and returns a mapping of each word to its occurrence count.","The method `countWordFrequency` takes a list of words and returns a map that records the number of occurrences (frequency) of each unique word. It iterates through the list, updating the count for each word in the map, and finally returns the map containing each word and its corresponding frequency count."
Identify and fix the off-by-one error in this function:,"
def sum_range(start, end):
    total = 0
    for i in range(start, end):
        total += i
    return total
","The current function uses `range(start, end)`, which includes `start` but excludes `end`. If the intention is to include both `start` and `end` in the sum, this is an off-by-one error.

### Fix:
Change the `range` to `range(start, end + 1)` so that the `end` value is included.

```python
def sum_range(start, end):
    total = 0
    for i in range(start, end + 1):
        total += i
    return total
```

### Example:
```python
print(sum_range(1, 5))  # Output: 15 (1+2+3+4+5)
```","The function `sum_range` currently sums integers from `start` up to, but not including, `end`. If the intention is to include `end` in the sum, then there's an off-by-one error.

**Issue:**  
`range(start, end)` stops before `end`, so `end` isn't included in the sum.

**Fix:**  
Modify the `range` to go up to `end + 1`:

```python
def sum_range(start, end):
    total = 0
    for i in range(start, end + 1):
        total += i
    return total
```

**Note:**  
If you want the function to sum from `start` to `end` inclusive, this fix is correct.  
If you intentionally wanted to exclude `end`, then the original code is fine.

---

**Summary:**  
- To include `end` in the sum, change `range(start, end)` to `range(start, end + 1)`."
Classify the type of bug in the following C++ function:,"
int* getArray(int size) {
    int arr[size]; // Warning: local array
    return arr; // Bug: returning pointer to local variable
}
","The bug in the given C++ function is **""Returning a pointer to a local (stack-allocated) variable""**.

### Explanation:
- `int arr[size];` declares a local array on the stack.
- When the function returns, the stack frame is destroyed, and the memory occupied by `arr` becomes invalid.
- Returning a pointer to this local array leads to **undefined behavior** since the caller receives a pointer to memory that is no longer valid.

### Bug classification:
- **Type:** Dangling pointer / Use-after-free (stack memory)
- **Category:** Returning address of local variable / Invalid pointer return
- **Effect:** Undefined behavior, potential crashes or data corruption

### How to fix:
- Allocate the array dynamically using `new`: `int* arr = new int[size];`
- Or use a standard container like `std::vector<int>` that manages memory safely.
- Or pass an array from the caller to be filled in rather than returning a local array pointer.","The bug in this C++ function is a **lifetime issue** related to returning a pointer to a local variable.

**Explanation:**
- The function declares a local array `arr` on the stack.
- Returning `arr` returns a pointer to this local array.
- Once the function returns, the local array `arr` goes out of scope, and the pointer becomes a **dangling pointer**.
- Accessing this pointer outside the function leads to undefined behavior.

**Type of bug:**  
**Dangling Pointer / Returning Pointer to Stack-Allocated Memory**  

**Summary:**  
This is a **lifetime bug** caused by returning a pointer to a local stack variable, which ceases to exist after the function returns."
Complete the function using regex to validate basic email addresses:,"
def is_valid_email(email):
    # TODO: Complete using regex
    pass
","Here's a simple implementation using regex to validate basic email addresses:

```python
import re

def is_valid_email(email):
    # Basic regex for email validation
    pattern = r'^[\w\.-]+@[\w\.-]+\.\w+$'
    return re.match(pattern, email) is not None
```

### Explanation:
- `^` and `$` assert start and end of the string.
- `[\w\.-]+` matches one or more word characters (`a-zA-Z0-9_`), dots, or hyphens for the username part.
- `@` matches the literal `@` symbol.
- `[\w\.-]+` matches the domain name part similarly.
- `\.` matches the dot before the TLD.
- `\w+` matches the TLD (e.g., com, net, org).

This covers many common email formats but is not fully RFC-compliant. Let me know if you want a stricter or more comprehensive regex!","Certainly! Here's a simple implementation of the `is_valid_email` function using regex to validate basic email addresses:

```python
import re

def is_valid_email(email):
    # Basic regex pattern for validating email addresses
    pattern = r'^[a-zA-Z0-9._%+-]+@[a-zA-Z0-9.-]+\.[a-zA-Z]{2,}$'
    return bool(re.match(pattern, email))
```

**Explanation:**

- `^[a-zA-Z0-9._%+-]+` : Starts with one or more allowed characters for the local part.
- `@` : The ""at"" symbol separating local and domain parts.
- `[a-zA-Z0-9.-]+` : Domain name with allowed characters.
- `\.` : Literal dot before the TLD.
- `[a-zA-Z]{2,}$` : Top-level domain with at least two alphabetic characters.

**Usage example:**

```python
print(is_valid_email(""example@example.com""))  # True
print(is_valid_email(""invalid-email""))        # False
```

This pattern covers most common email formats but keep in mind that email validation can get very complex if you aim for complete RFC compliance. For many practical purposes, this suffices."
Create a ‘/greet/<username>’ endpoint that returns a JSON greeting:,"
from flask import Flask, jsonify

app = Flask(__name__)

@app.route('/greet/<username>')
def greet(username):
    # TODO: Return a JSON greeting
    pass
","```python
from flask import Flask, jsonify

app = Flask(__name__)

@app.route('/greet/<username>')
def greet(username):
    return jsonify({""greeting"": f""Hello, {username}!""})

if __name__ == ""__main__"":
    app.run(debug=True)
```","Certainly! To create the `/greet/<username>` endpoint that returns a JSON greeting, you can implement it like this:

```python
from flask import Flask, jsonify

app = Flask(__name__)

@app.route('/greet/<username>')
def greet(username):
    # Return a JSON greeting with the username
    return jsonify({""message"": f""Hello, {username}!""})
```

This code defines the route `/greet/<username>`, extracts the `username` parameter from the URL, and returns a JSON response with a greeting message."
"Write the schema for a review app with users, books, and reviews:","
-- TODO: Design schema with appropriate keys and constraints
-- Tables: users(id, name), books(id, title), reviews(id, user_id, book_id, rating)
","```sql
CREATE TABLE users (
    id SERIAL PRIMARY KEY,
    name VARCHAR(255) NOT NULL
);

CREATE TABLE books (
    id SERIAL PRIMARY KEY,
    title VARCHAR(255) NOT NULL
);

CREATE TABLE reviews (
    id SERIAL PRIMARY KEY,
    user_id INT NOT NULL,
    book_id INT NOT NULL,
    rating INT NOT NULL CHECK (rating >= 1 AND rating <= 5),
    review_text TEXT,
    created_at TIMESTAMP DEFAULT CURRENT_TIMESTAMP,
    CONSTRAINT fk_user FOREIGN KEY(user_id) REFERENCES users(id) ON DELETE CASCADE,
    CONSTRAINT fk_book FOREIGN KEY(book_id) REFERENCES books(id) ON DELETE CASCADE,
    CONSTRAINT unique_user_book_review UNIQUE (user_id, book_id)
);
```

**Explanation:**
- `users` and `books` tables have `id` as primary keys and basic fields.
- `reviews` references both `users` and `books` via foreign keys.
- `rating` is constrained between 1 and 5.
- Added optional `review_text` and `created_at` for more functionality.
- Added a unique constraint so a user can only review a book once.
- `ON DELETE CASCADE` ensures reviews are deleted if the user or book is deleted.","-- Schema for a review app with users, books, and reviews

CREATE TABLE users (
    id SERIAL PRIMARY KEY,
    name VARCHAR(255) NOT NULL
);

CREATE TABLE books (
    id SERIAL PRIMARY KEY,
    title VARCHAR(255) NOT NULL
);

CREATE TABLE reviews (
    id SERIAL PRIMARY KEY,
    user_id INTEGER NOT NULL,
    book_id INTEGER NOT NULL,
    rating INTEGER NOT NULL CHECK (rating >= 1 AND rating <= 5),
    -- Foreign key constraints
    CONSTRAINT fk_user FOREIGN KEY (user_id) REFERENCES users(id) ON DELETE CASCADE,
    CONSTRAINT fk_book FOREIGN KEY (book_id) REFERENCES books(id) ON DELETE CASCADE,
    -- Optional: ensure a user can review a book only once
    CONSTRAINT unique_review_per_user_book UNIQUE (user_id, book_id)
);"
Identify any null dereference risk:,"
public int getLength(String s) {
    return s.length(); // What if s is null?
}
","Yes, there is a **null dereference risk** in the provided code.

### Explanation:
- The method `getLength(String s)` directly calls `s.length()`.
- If the caller passes `null` as the argument (`s == null`), then calling `s.length()` will throw a `NullPointerException`.

### How to fix:
You should check if `s` is `null` before calling `length()`. For example:

```java
public int getLength(String s) {
    if (s == null) {
        return 0; // or some other default value or throw an exception
    }
    return s.length();
}
```

Alternatively, if `null` is not expected, you could explicitly throw an exception:

```java
public int getLength(String s) {
    if (s == null) {
        throw new IllegalArgumentException(""Input string cannot be null"");
    }
    return s.length();
}
```

---

### Summary:
- **Risk:** `NullPointerException` if `s` is `null`.
- **Mitigation:** Add a null check before accessing `s.length()`.","The method `getLength` has a potential null dereference risk. If the parameter `s` is `null`, calling `s.length()` will throw a `NullPointerException`. To prevent this, you should add a null check before calling `length()`:

```java
public int getLength(String s) {
    if (s == null) {
        // Handle null case, e.g., return 0 or throw an exception
        return 0;
    }
    return s.length();
}
```"
Improve the parser to support quoted fields:,"
def parse_csv_line(line):
    return line.split(',')  # Incomplete: doesn’t handle quoted fields
","To correctly parse CSV lines that may contain quoted fields (which can include commas inside quotes), you need to handle quotes properly.

Here is an improved version of `parse_csv_line` that supports quoted fields:

```python
def parse_csv_line(line):
    fields = []
    field = ''
    in_quotes = False
    i = 0
    while i < len(line):
        char = line[i]
        if char == '""':
            if in_quotes and i + 1 < len(line) and line[i+1] == '""':
                # Escaped quote inside quoted field
                field += '""'
                i += 1
            else:
                # Toggle in_quotes state
                in_quotes = not in_quotes
        elif char == ',' and not in_quotes:
            # Field separator outside quotes
            fields.append(field)
            field = ''
        else:
            field += char
        i += 1
    fields.append(field)
    return fields
```

### Explanation

- The parser iterates over each character.
- When it encounters a quote (`""`):
  - If already inside quotes and the next character is also a quote, it treats it as an escaped quote (`""""` → `""`).
  - Otherwise, it toggles the `in_quotes` flag.
- Commas outside quotes separate fields.
- Characters inside quotes are appended to the current field.
- At the end, the last field is appended.

### Example usage

```python
line = 'one,""two, with comma"",""three """"quoted"""" field"",four'
print(parse_csv_line(line))
# Output: ['one', 'two, with comma', 'three ""quoted"" field', 'four']
```

This parser follows CSV quoting rules similar to those in RFC 4180.","To handle quoted fields correctly, you'll need to parse the line considering quotes that may contain commas inside the quotes. A simple way is to use Python's built-in `csv` module, which handles all these cases properly. Here's an improved version:

```python
import csv
from io import StringIO

def parse_csv_line(line):
    reader = csv.reader(StringIO(line))
    return next(reader)
```

Alternatively, if you want to implement a custom parser without using the `csv` module, you can do so by tracking whether you're inside quotes:

```python
def parse_csv_line(line):
    fields = []
    field = ''
    in_quotes = False
    for char in line:
        if char == '""':
            in_quotes = not in_quotes
        elif char == ',' and not in_quotes:
            fields.append(field)
            field = ''
        else:
            field += char
    fields.append(field)
    return fields
```

**Note:** The custom parser assumes that quotes are properly paired and does not handle escaped quotes inside quoted fields. For robust CSV parsing, prefer the first solution with the `csv` module."
Convert the data class to a REST API using Ktor:,"
data class Product(val id: Int, val name: String, val price: Double)

# TODO: Create GET and POST endpoints using Ktor
","Here's an example of how you can create a simple Ktor REST API with GET and POST endpoints for the `Product` data class:

```kotlin
import io.ktor.application.*
import io.ktor.features.ContentNegotiation
import io.ktor.http.*
import io.ktor.request.*
import io.ktor.response.*
import io.ktor.routing.*
import io.ktor.serialization.*
import io.ktor.server.engine.embeddedServer
import io.ktor.server.netty.Netty

data class Product(val id: Int, val name: String, val price: Double)

fun main() {
    // In-memory list to store products
    val products = mutableListOf<Product>()

    embeddedServer(Netty, port = 8080) {
        install(ContentNegotiation) {
            json() // Use kotlinx.serialization or Jackson (depending on your setup)
        }
        routing {
            route(""/products"") {
                get {
                    // Return all products
                    call.respond(products)
                }
                post {
                    // Receive a product from the request body and add it to the list
                    val product = call.receive<Product>()
                    products.add(product)
                    call.respond(HttpStatusCode.Created, product)
                }
            }
        }
    }.start(wait = true)
}
```

### Explanation:
- We use `ContentNegotiation` with `json()` to handle JSON serialization and deserialization.
- The `/products` GET endpoint returns the current list of products.
- The `/products` POST endpoint accepts a JSON body representing a `Product`, adds it to the in-memory list, and returns the created product with HTTP 201 status.
- The server runs on port 8080.

Make sure you add the necessary dependencies for Ktor and Kotlin serialization or Jackson in your `build.gradle.kts` or `pom.xml`. For example, with Kotlin serialization and Gradle:

```kotlin
dependencies {
    implementation(""io.ktor:ktor-server-netty:2.3.2"")
    implementation(""io.ktor:ktor-server-content-negotiation:2.3.2"")
    implementation(""io.ktor:ktor-serialization-kotlinx-json:2.3.2"")
    implementation(""org.jetbrains.kotlinx:kotlinx-serialization-json:1.5.1"")
}
```

Let me know if you want me to help with build setup too!","Certainly! Here's an example of how to convert your `Product` data class into a REST API using Ktor, with GET and POST endpoints:

```kotlin
import io.ktor.application.*
import io.ktor.features.ContentNegotiation
import io.ktor.http.*
import io.ktor.request.*
import io.ktor.response.*
import io.ktor.routing.*
import io.ktor.serialization.*
import io.ktor.server.engine.*
import io.ktor.server.netty.*

data class Product(val id: Int, val name: String, val price: Double)

fun main() {
    // Sample in-memory storage for products
    val products = mutableListOf<Product>()

    embeddedServer(Netty, port = 8080) {
        install(ContentNegotiation) {
            json() // Enable JSON serialization/deserialization
        }
        routing {
            route(""/products"") {
                // GET /products - retrieve all products
                get {
                    call.respond(products)
                }

                // POST /products - add a new product
                post {
                    val product = call.receive<Product>()
                    products.add(product)
                    call.respond(HttpStatusCode.Created, product)
                }
            }
        }
    }.start(wait = true)
}
```

### Explanation:
- **ContentNegotiation** with `json()` enables automatic serialization/deserialization of JSON.
- **GET /products** returns the list of products.
- **POST /products** accepts a JSON payload to add a new product.

### How to run:
1. Ensure you have Ktor dependencies in your `build.gradle.kts` or `pom.xml`.
2. Run the application.
3. Use tools like `curl`, Postman, or your browser to test:
   - GET request to `http://localhost:8080/products`
   - POST request to `http://localhost:8080/products` with a JSON body, e.g.,
     ```json
     {
       ""id"": 1,
       ""name"": ""Sample Product"",
       ""price"": 99.99
     }
     ```

Let me know if you'd like additional endpoints or features!"
Write a brief summary of the function:,"
def reverse_words(sentence):
    return ' '.join(sentence.split()[::-1])
","The function `reverse_words` takes a string `sentence` as input, splits it into words, reverses the order of these words, and then joins them back into a single string separated by spaces, effectively returning the sentence with its word order reversed.","The `reverse_words` function takes a sentence as input, splits it into individual words, reverses the order of these words, and then joins them back into a single string separated by spaces. This effectively reverses the sequence of words in the original sentence."
Write a prompt that could generate the code:,"
# This function checks if a number is prime
def is_prime(n):
    if n <= 1:
        return False
    for i in range(2, int(n**0.5) +1):
        if n % i == 0:
            return False
    return True
","Write a Python function named `is_prime` that takes an integer `n` and returns `True` if `n` is a prime number, and `False` otherwise. The function should efficiently check for factors only up to the square root of `n`. Include a comment at the top describing that the function checks if a number is prime.","Create a Python function named `is_prime` that takes an integer `n` as input and returns `True` if `n` is a prime number, and `False` otherwise. The function should handle numbers less than or equal to 1 by returning `False`, and for larger numbers, it should check divisibility from 2 up to the square root of `n`."
Fix the bug when input is 0:,"
def factorial(n):
    result = 1
    for i in range(1, n):
        result *= i
    return result
","The bug is that the loop runs from `1` to `n-1` (since `range(1, n)` excludes `n`), so for `n=0` the loop doesn't run and the function returns `1`, which is correct for `0!`, but for other values it incorrectly computes the factorial.

Actually, the bug is that for `n > 1`, the loop runs from 1 to `n-1`, so it computes `(n-1)!` instead of `n!`.

To fix the function and handle the input `0` correctly, you should loop from `1` to `n` (inclusive). Also, `0!` is defined as `1`, so returning `1` when `n=0` is correct.

Here's the corrected code:

```python
def factorial(n):
    result = 1
    for i in range(1, n + 1):  # include n
        result *= i
    return result
```

This will correctly compute factorials for all `n >= 0`.","The bug in your code is that the loop runs from 1 up to (but not including) n, which causes it to miss multiplying by n itself. Also, for input 0 or 1, the factorial should return 1.

Here's the corrected version:

```python
def factorial(n):
    if n == 0:
        return 1
    result = 1
    for i in range(1, n + 1):
        result *= i
    return result
```

This way, when `n` is 0 or 1, it correctly returns 1, and for other positive integers, it calculates the factorial properly."
Implement node deletion by value:,"
struct Node {
    int data;
    struct Node* next;
};

void deleteNode(struct Node** head, int key) {
    // TODO: Implement node deletion
}
","Here is a complete implementation of the `deleteNode` function that deletes the first node with the specified `key` value from the linked list:

```c
#include <stdio.h>
#include <stdlib.h>

struct Node {
    int data;
    struct Node* next;
};

void deleteNode(struct Node** head, int key) {
    if (head == NULL || *head == NULL)
        return;

    struct Node* temp = *head;
    struct Node* prev = NULL;

    // If head node itself holds the key to be deleted
    if (temp != NULL && temp->data == key) {
        *head = temp->next; // Changed head
        free(temp);         // Free old head
        return;
    }

    // Search for the key to be deleted, keep track of previous node
    while (temp != NULL && temp->data != key) {
        prev = temp;
        temp = temp->next;
    }

    // If key was not present in linked list
    if (temp == NULL)
        return;

    // Unlink the node from linked list
    prev->next = temp->next;
    free(temp);
}
```

### Explanation:
- We handle the case where the list is empty.
- We check if the head node contains the key, if yes, we delete the head node and update the head pointer.
- Otherwise, we iterate through the list to find the node containing the key.
- If found, we unlink it from the list and free its memory.
- If not found, we simply return without modifying the list.

---

If you want, I can also provide helper functions to create and print the list to test this function.","Certainly! To delete a node by value in a singly linked list, you need to:

1. Handle the case where the list is empty.
2. Check if the head node contains the key.
3. Traverse the list to find the node with the matching key.
4. Remove the node by adjusting the previous node's `next` pointer.
5. Free the memory of the deleted node.

Here's a complete implementation:

```c
#include <stdio.h>
#include <stdlib.h>

struct Node {
    int data;
    struct Node* next;
};

void deleteNode(struct Node** head, int key) {
    if (*head == NULL) {
        // List is empty, nothing to delete
        return;
    }

    struct Node* temp = *head;
    struct Node* prev = NULL;

    // If head node itself holds the key
    if (temp != NULL && temp->data == key) {
        *head = temp->next; // Changed head
        free(temp);
        return;
    }

    // Search for the key in the list
    while (temp != NULL && temp->data != key) {
        prev = temp;
        temp = temp->next;
    }

    // If key was not present in the list
    if (temp == NULL) return;

    // Unlink the node from linked list
    prev->next = temp->next;

    // Free memory
    free(temp);
}
```

**Explanation:**

- First, check if the list is empty.
- Then, handle the case where the head node contains the key.
- Otherwise, traverse the list to find the node with the matching value.
- Once found, update the previous node's `next` pointer to skip the node to be deleted.
- Finally, free the memory allocated for the node.

Let me know if you'd like a full example with list creation and testing!"
Complete the recursive function for Fibonacci:,"
def fibonacci(n):
    # TODO: Base cases and recursive call
    pass
","Here's a complete recursive implementation of the Fibonacci function:

```python
def fibonacci(n):
    # Base cases
    if n <= 0:
        return 0
    elif n == 1:
        return 1
    # Recursive call
    else:
        return fibonacci(n - 1) + fibonacci(n - 2)
```

This function returns the nth Fibonacci number where:
- fibonacci(0) = 0
- fibonacci(1) = 1

For example:
```python
print(fibonacci(6))  # Output: 8
```","Here's the completed recursive function for Fibonacci:

```python
def fibonacci(n):
    # Base cases: return n if it's 0 or 1
    if n == 0:
        return 0
    elif n == 1:
        return 1
    # Recursive case: sum of the two previous Fibonacci numbers
    else:
        return fibonacci(n - 1) + fibonacci(n - 2)
```

This function computes the Fibonacci number at position `n` by recursively summing the results of `fibonacci(n-1)` and `fibonacci(n-2)`, with base cases for `n=0` and `n=1`."
Complete the class constructor:,"
class Person:
    def __init__(self):
        # TODO: Add name, age, and optional email
        pass
","```python
class Person:
    def __init__(self, name, age, email=None):
        self.name = name
        self.age = age
        self.email = email
```","Certainly! Here's a completed version of the `Person` class constructor that initializes `name`, `age`, and an optional `email`:

```python
class Person:
    def __init__(self, name, age, email=None):
        self.name = name
        self.age = age
        self.email = email
```

**Usage example:**

```python
# Creating a person with email
person1 = Person(""Alice"", 30, ""alice@example.com"")

# Creating a person without email
person2 = Person(""Bob"", 25)
```

Let me know if you'd like to include any additional features!"
Complete the binary search implementation:,"
public int binarySearch(int[] arr, int target) {
    int left = 0, right = arr.length - 1;
    while (left <= right) {
        int mid = (left + right) / 2;
        // TODO: Compare and adjust bounds
    }
    return -1;
}
","Here's the completed binary search implementation in Java:

```java
public int binarySearch(int[] arr, int target) {
    int left = 0, right = arr.length - 1;
    while (left <= right) {
        int mid = (left + right) / 2;
        if (arr[mid] == target) {
            return mid;
        } else if (arr[mid] < target) {
            left = mid + 1;
        } else {
            right = mid - 1;
        }
    }
    return -1;
}
```

This code compares `arr[mid]` with the target and adjusts the search boundaries accordingly. If the target is found, it returns the index; otherwise, it returns `-1`.","Certainly! Here's the complete implementation of the binary search method with the comparison and bounds adjustment included:

```java
public int binarySearch(int[] arr, int target) {
    int left = 0, right = arr.length - 1;
    while (left <= right) {
        int mid = left + (right - left) / 2; // To prevent potential overflow
        if (arr[mid] == target) {
            return mid; // Found the target
        } else if (arr[mid] < target) {
            left = mid + 1; // Search in the right half
        } else {
            right = mid - 1; // Search in the left half
        }
    }
    return -1; // Target not found
}
```

**Explanation:**
- Calculates `mid` using `left + (right - left) / 2` to avoid potential integer overflow.
- Compares `arr[mid]` with `target`.
- If equal, returns `mid`.
- If `arr[mid]` is less than the target, moves `left` to `mid + 1`.
- If `arr[mid]` is greater than the target, moves `right` to `mid - 1`.
- Continues until `left` exceeds `right`, indicating the target isn't in the array, returning `-1`."
Resolve inconsistency between function name and logic:,"
// Supposed to return true if x is even
bool isOdd(int x) {
    return x % 2 == 0; // Logic contradicts function name
}
","The function name `isOdd` suggests it should return `true` if `x` is odd, but the logic currently returns `true` if `x` is even (`x % 2 == 0`). You can fix this inconsistency in one of two ways:

### Option 1: Fix the logic to match the function name
```cpp
bool isOdd(int x) {
    return x % 2 != 0; // Returns true if x is odd
}
```

### Option 2: Rename the function to match the logic
```cpp
bool isEven(int x) {
    return x % 2 == 0; // Returns true if x is even
}
```

Choose the approach based on what you intended the function to represent.","The function name `isOdd` suggests it should return `true` when `x` is odd, but the current logic returns `true` when `x` is even. To resolve the inconsistency, you can either:

1. Change the function name to match the logic (i.e., check for evenness), or  
2. Change the logic to match the function name (i.e., check for oddness).

**Option 1: Keep the logic and rename the function**

```cpp
// Now correctly returning true if x is even
bool isEven(int x) {
    return x % 2 == 0;
}
```

**Option 2: Keep the function name and change the logic**

```cpp
// Now correctly returning true if x is odd
bool isOdd(int x) {
    return x % 2 != 0;
}
```

**Recommended fix:**

If the function's intended purpose is to check for odd numbers, then the corrected code is:

```cpp
bool isOdd(int x) {
    return x % 2 != 0;
}
```

This ensures the function name and logic are consistent."
Identify and fix the bug:,"
function isEven(n) {
    return n % 2; // Returns 1 or 0, not true/false
}
","The function `isEven` is intended to return `true` if `n` is even, and `false` otherwise. However, the current implementation:

```js
function isEven(n) {
    return n % 2; // Returns 1 or 0, not true/false
}
```

returns `0` for even numbers and `1` for odd numbers. In JavaScript, `0` is falsy and `1` is truthy, so the function actually behaves the opposite of the intended meaning when used in boolean contexts.

**Fix:**

You should explicitly compare the result of `n % 2` to `0` to return a boolean:

```js
function isEven(n) {
    return n % 2 === 0;
}
```

**Explanation:**

- `n % 2 === 0` will be `true` if `n` is even, `false` if odd.
- This ensures the function returns a boolean `true` or `false`, not just `0` or `1`.

---

**Example usage:**

```js
console.log(isEven(4)); // true
console.log(isEven(5)); // false
```","The bug is that the function `isEven` currently returns `1` or `0` (which are truthy and falsy in JavaScript), but semantically it should return a boolean value `true` or `false`. To fix this, you should compare the remainder to zero:

```js
function isEven(n) {
    return n % 2 === 0;
}
```

This way, `isEven(n)` will return `true` if `n` is even, and `false` otherwise."
Decompose the high-level comment/summary into logical steps:,"
// Function that validates an input, calculates square, and returns result
int process(int x) {
    if (x < 0) return -1;
    return x * x;
}
","Here is the decomposition of the high-level comment into logical steps:

1. Validate the input:
   - Check if the input `x` is a negative number.
   - If `x` is negative, return an error code (e.g., -1).

2. Calculate the square of the input:
   - If the input is valid (non-negative), compute `x * x`.

3. Return the result:
   - Return the computed square value.","Certainly! Here's the high-level comment/summary decomposed into logical steps:

1. Accept an input value `x`.
2. Check if `x` is negative:
   - If `x` is less than 0, return -1 to indicate invalid input.
3. If `x` is non-negative:
   - Calculate the square of `x` (i.e., `x * x`).
4. Return the computed square as the result."
Complete the function based on intent:,"
def calculate_average(scores):
    total = 0
    # TODO: Complete to return average
    pass
","Here's a completed version of the function that calculates and returns the average of the scores:

```python
def calculate_average(scores):
    total = 0
    for score in scores:
        total += score
    average = total / len(scores) if scores else 0
    return average
```

This code sums all the scores and divides by the number of scores, returning 0 if the list is empty to avoid division by zero.","Certainly! To complete the function to calculate the average, you need to sum all the scores and then divide by the number of scores. Here's the completed function:

```python
def calculate_average(scores):
    total = 0
    for score in scores:
        total += score
    if len(scores) == 0:
        return 0  # Handle empty list to avoid division by zero
    return total / len(scores)
```"
"Analyze the following utility script. Identify any potential logic issues or design flaws. Then, refactor it for better readability, correctness, and safety:","
# utils.py - Script to parse and summarize numeric CSV files

import csv

def read_csv(filepath):
    with open(filepath, 'r') as f:
        return [row for row in csv.reader(f)]

def summarize_column(data, index):
    values = [float(row[index]) for row in data[1:]]  # skip header
    total = sum(values)
    avg = total / len(values)
    return total, avg

def main():
    filepath = 'data.csv'
    data = read_csv(filepath)
    total, avg = summarize_column(data, 1)
    print(""Total:"", total)
    print(""Average:"", avg)

if __name__ == '__main__':
    main()
","Let's analyze the provided script and then refactor it.

---

## Analysis of the Original Script

### Purpose
- Reads a CSV file.
- Summarizes (total and average) numeric values in a specified column.

### Potential Issues / Design Flaws

1. **No error handling**:
   - File not found.
   - Non-numeric values in the column (conversion to float may fail).
   - Empty CSV or missing columns.
   - Division by zero if there are no data rows.
  
2. **Hardcoded filepath and column index**:
   - Limits reusability.
  
3. **No support for different delimiters or CSV dialects**.
  
4. **No support for command line arguments**:
   - Makes it less flexible.
  
5. **No logging or user-friendly error messages**.
  
6. **No docstrings or comments**:
   - Less maintainable.
  
7. **Reading entire CSV into memory**:
   - May be inefficient for large files.
  
8. **Assumes the first row is the header but doesn't validate**:
   - If file is empty or malformed, will crash.
  
---

## Refactored Version

```python
# utils.py - Script to parse and summarize numeric CSV files

import csv
import sys
from typing import List, Tuple, Optional


def read_csv(filepath: str, delimiter: str = ',') -> List[List[str]]:
    """"""
    Reads a CSV file and returns a list of rows.
    
    Args:
        filepath: Path to the CSV file.
        delimiter: Delimiter used in the CSV file.
    
    Returns:
        List of rows, where each row is a list of strings.
    
    Raises:
        FileNotFoundError: If the file does not exist.
        csv.Error: If the file is not a valid CSV.
    """"""
    with open(filepath, 'r', newline='') as f:
        reader = csv.reader(f, delimiter=delimiter)
        data = list(reader)
    return data


def summarize_column(data: List[List[str]], index: int) -> Tuple[Optional[float], Optional[float]]:
    """"""
    Calculates the total and average of numeric values in a specified column.
    
    Args:
        data: List of rows from the CSV (including header).
        index: Column index to summarize.
    
    Returns:
        Tuple of (total, average) or (None, None) if no valid data.
    
    Raises:
        IndexError: If the index is out of range for rows.
    """"""
    if len(data) < 2:
        print(""No data rows found."")
        return None, None

    values = []
    for row_num, row in enumerate(data[1:], start=2):  # Skip header, row numbering from 2
        try:
            value_str = row[index]
        except IndexError:
            print(f""Row {row_num} does not have column index {index}. Skipping."")
            continue

        try:
            value = float(value_str)
            values.append(value)
        except ValueError:
            print(f""Non-numeric value '{value_str}' in row {row_num}, column {index}. Skipping."")

    if not values:
        print(""No numeric data found in the specified column."")
        return None, None

    total = sum(values)
    avg = total / len(values)
    return total, avg


def main():
    import argparse

    parser = argparse.ArgumentParser(description=""Parse and summarize numeric CSV files."")
    parser.add_argument('filepath', type=str, help='Path to the CSV file.')
    parser.add_argument('-c', '--column', type=int, default=1,
                        help='Index of the column to summarize (0-based). Default is 1.')
    parser.add_argument('-d', '--delimiter', type=str, default=',',
                        help='CSV delimiter. Default is "","".')

    args = parser.parse_args()

    try:
        data = read_csv(args.filepath, delimiter=args.delimiter)
    except FileNotFoundError:
        print(f""Error: File '{args.filepath}' not found."")
        sys.exit(1)
    except csv.Error as e:
        print(f""Error reading CSV file: {e}"")
        sys.exit(1)

    if not data:
        print(""CSV file is empty."")
        sys.exit(1)

    if args.column < 0:
        print(""Column index must be non-negative."")
        sys.exit(1)

    total, avg = summarize_column(data, args.column)

    if total is not None and avg is not None:
        print(f""Total of column {args.column}: {total}"")
        print(f""Average of column {args.column}: {avg}"")
    else:
        print(""Could not compute summary due to previous errors."")


if __name__ == '__main__':
    main()
```

---

## Improvements:

- Added **argument parsing** for filepath, column index, and delimiter.
","Let's analyze the script carefully:

---

### Potential issues and design flaws:

1. **File Handling without Error Handling:**
   - The `read_csv` function opens the file without any exception handling. If the file does not exist or there's an I/O error, it will raise an exception and crash.
   
2. **No Header Validation:**
   - The script assumes the first row is a header and skips it by slicing `data[1:]`. If the CSV file doesn't contain a header, this will skip the first data row unintentionally.
   
3. **Index Assumption & Validation:**
   - The script assumes that the column index passed (`1`) exists in all rows. If the CSV has missing data or shorter rows, this could cause an `IndexError`.
   
4. **Type Conversion without Error Handling:**
   - Conversion to float is done directly. If a value is not numeric, it will raise a `ValueError`.
   
5. **No command-line flexibility:**
   - The filename and column index are hardcoded, limiting reusability.
   
6. **No safety for division by zero:**
   - If the data after skipping header is empty or contains no numeric entries, `len(values)` could be zero, causing a `ZeroDivisionError`.

---

### Refactored version:

- Adds error handling.
- Checks for empty data.
- Validates that the column exists.
- Uses `with` statement properly.
- Allows filename and column index to be parameters.
- Adds comments for clarity.
- Uses `try-except` blocks to catch potential errors.
- Uses `if __name__ == '__main__'` with command-line arguments for flexibility.

```python
import csv
import sys
import os

def read_csv(filepath):
    """"""
    Reads CSV file and returns list of rows.
    Raises FileNotFoundError if file doesn't exist.
    """"""
    if not os.path.isfile(filepath):
        raise FileNotFoundError(f""File not found: {filepath}"")
    with open(filepath, 'r', newline='') as f:
        reader = csv.reader(f)
        data = list(reader)
    if not data:
        raise ValueError(""CSV file is empty."")
    return data

def summarize_column(data, index, has_header=True):
    """"""
    Calculates total and average of specified column index.
    - data: list of rows
    - index: column index (0-based)
    - has_header: whether the first row is a header
    """"""
    # Determine data rows
    data_rows = data[1:] if has_header else data

    values = []
    for row_num, row in enumerate(data_rows, start=2 if has_header else 1):
        try:
            value = float(row[index])
            values.append(value)
        except IndexError:
            print(f""Warning: Row {row_num} does not have column index {index}. Skipping."")
        except ValueError:
            print(f""Warning: Non-numeric value at row {row_num}, column {index}. Skipping."")
    
    if not values:
        raise ValueError(""No valid numeric data found in the specified column."")
    
    total = sum(values)
    avg = total / len(values)
    return total, avg

def main():
    import argparse

    parser = argparse.ArgumentParser(description='Parse and summarize numeric CSV files.')
    parser.add_argument('filepath', help='Path to the CSV file.')
    parser.add_argument('column_index', type=int, help='Column index to summarize (0-based).')
    parser.add_argument('--header', action='store_true', default=True, help='Specify if CSV has a header row.')
    
    args = parser.parse_args()

    try:
        data = read_csv(args.filepath)
        total, avg = summarize_column(data, args.column_index, has_header=args.header)
        print(f""Total of column {args.column_index}: {total}"")
        print(f""Average of column {args.column_index}: {avg}"")
    except FileNotFoundError as e:
        print(f""Error: {e}"")
        sys.exit(1)
    except ValueError as e:
        print(f""Error: {e}"")
        sys.exit(1)
    except IndexError:
        print(f""Error: Column index {args.column_index} is out of range."")
        sys.exit(1)

if __name__ == '__main__':
    main()
```

---

### Summary of improvements:
- **Error handling**: Catches file errors, empty data, invalid data.
- **Flexibility**: Accepts filename and column index as command-line arguments.
- **Safety**: Checks for missing or invalid data, avoids division by zero.
- **Readability**: Clear comments and logical structure.
- **Resilience**: Warns about problematic rows but continues processing.

This version is safer, more flexible, and more suitable for real-world use."
"Complete the following file-processing script. The goal is to clean each line, remove punctuation, and count word frequencies correctly:","
# file_processor.py - Incomplete script for processing text files

import string

def load_file(filepath):
    with open(filepath, 'r') as f:
        return f.readlines()

def clean_line(line):
    # TODO: Remove punctuation and make lowercase
    pass

def count_words(lines):
    word_counts = {}
    for line in lines:
        clean = clean_line(line)
        for word in clean.split():
            word_counts[word] = word_counts.get(word, 0) + 1
    return word_counts

def main():
    filepath = 'input.txt'
    lines = load_file(filepath)
    counts = count_words(lines)
    for word, count in sorted(counts.items()):
        print(f""{word}: {count}"")

if __name__ == '__main__':
    main()
","Here's the completed `clean_line` function that removes punctuation and converts the text to lowercase:

```python
def clean_line(line):
    # Remove punctuation using str.translate and make lowercase
    return line.translate(str.maketrans('', '', string.punctuation)).lower()
```

Full updated script:

```python
import string

def load_file(filepath):
    with open(filepath, 'r') as f:
        return f.readlines()

def clean_line(line):
    # Remove punctuation and make lowercase
    return line.translate(str.maketrans('', '', string.punctuation)).lower()

def count_words(lines):
    word_counts = {}
    for line in lines:
        clean = clean_line(line)
        for word in clean.split():
            word_counts[word] = word_counts.get(word, 0) + 1
    return word_counts

def main():
    filepath = 'input.txt'
    lines = load_file(filepath)
    counts = count_words(lines)
    for word, count in sorted(counts.items()):
        print(f""{word}: {count}"")

if __name__ == '__main__':
    main()
```

This will clean each line by removing punctuation and converting it to lowercase before counting words.","Certainly! Here's the completed script with the `clean_line` function properly implemented to remove punctuation and convert text to lowercase:

```python
# file_processor.py - Incomplete script for processing text files

import string

def load_file(filepath):
    with open(filepath, 'r') as f:
        return f.readlines()

def clean_line(line):
    # Remove punctuation and convert to lowercase
    translator = str.maketrans('', '', string.punctuation)
    cleaned_line = line.translate(translator).lower()
    return cleaned_line

def count_words(lines):
    word_counts = {}
    for line in lines:
        clean = clean_line(line)
        for word in clean.split():
            word_counts[word] = word_counts.get(word, 0) + 1
    return word_counts

def main():
    filepath = 'input.txt'
    lines = load_file(filepath)
    counts = count_words(lines)
    for word, count in sorted(counts.items()):
        print(f""{word}: {count}"")

if __name__ == '__main__':
    main()
```

**Explanation of changes:**

- In `clean_line`, I created a translation table that maps all punctuation characters to `None`, effectively removing them from the string.
- The line is then converted to lowercase with `.lower()`.
- This ensures that words are cleaned consistently, and punctuation does not interfere with word counting.

This script will now read `input.txt`, clean each line, split into words, and count their frequencies accurately."
