step1,step2,code,model1_response_step1,model1_response,model2_response_step1,model2_response,model1_response_step2,model2_response_step2,cosine_sim,codebleu,exact_match,levenshtein
"Read the Java method below and list, in bullets, every distinct operation it performs.","Using the analysis below:
{analysis}
Write ONE concise sentence summarising the method.","
public Map<String,Integer> countWordFrequency(List<String> words){
    Map<String,Integer> freqMap = new HashMap<>();
    for(String word:words){
        freqMap.put(word,freqMap.getOrDefault(word,0)+1);
    }
    return freqMap;
}
","The method performs the following distinct operations:

- Creates an empty `HashMap` to store word frequencies (`freqMap`).
- Iterates over each `String` word in the input list `words`.
- For each word, retrieves its current count from `freqMap`, defaulting to 0 if the word is not yet present.
- Increments the count for the current word by 1.
- Updates the `freqMap` with the new count for the word.
- Returns the completed frequency map containing each word and its frequency count.",,"- Initializes a new empty HashMap called `freqMap` to store word frequencies.
- Iterates over each `word` in the input list `words`.
- For each `word`, retrieves its current count from `freqMap`, defaulting to 0 if not present.
- Increments the retrieved count by 1.
- Updates `freqMap` with the new count for the current `word`.
- After processing all words, returns the `freqMap` containing each word and its corresponding frequency.",,This method counts the occurrences of each word in a list and returns a map of words to their frequency counts.,The method counts the frequency of each word in a list and returns a map of words to their counts.,0.9622654318809509,"{'codebleu': 0.7255360001917721, 'ngram_match_score': 0.7298378378464025, 'weighted_ngram_match_score': 0.772306162920686, 'syntax_match_score': 0.4, 'dataflow_match_score': 1.0}",0,20
Inspect the Python function and explain exactly why an off-by-one error occurs.,"Based on the explanation:
{analysis}
Provide corrected code that sums *inclusive* of both start and end.","
def sum_range(start, end):
    total = 0
    for i in range(start, end):
        total += i
    return total
","Let's analyze the function:

```python
def sum_range(start, end):
    total = 0
    for i in range(start, end):
        total += i
    return total
```

### What the function does:
- It initializes `total` to 0.
- Iterates `i` over the numbers from `start` **up to but not including** `end`.
- Adds each `i` to `total`.
- Returns the sum.

### Why an off-by-one error occurs:
The problem arises because the `range` function in Python includes the `start` value but **excludes** the `end` value. In other words, `range(start, end)` generates numbers starting from `start` and ending at `end - 1`.

So, if you want to sum the numbers **including** `end`, the current code excludes the last number.

#### Example:
Calling `sum_range(1, 5)` sums `1 + 2 + 3 + 4` but **not** `5`, which might be unexpected if you intended to include `5`.

### How to fix it:
If the intention is to include `end` in the sum, change the loop to:

```python
for i in range(start, end + 1):
```

This way, the loop runs from `start` through `end` inclusive.

---

### Summary:
- The off-by-one error occurs because `range(start, end)` excludes the `end` value.
- To include `end`, use `range(start, end + 1)`.",,"The off-by-one error in the `sum_range` function occurs because of how the `range(start, end)` function works in Python. Specifically:

- `range(start, end)` generates a sequence of integers starting **at `start`** and ending **just before `end`**.
- This means the value `end` itself is **excluded** from the sequence.

**Implication:**

- If you want to include `end` in the summation, the current implementation misses it.
- For example, calling `sum_range(1, 5)` will sum `1 + 2 + 3 + 4`, but **not** `5`.

**Why this is an off-by-one error:**

- Users might expect `sum_range(1, 5)` to include both `1` and `5` (i.e., sum `1 + 2 + 3 + 4 + 5`).
- Since the function's `range` excludes the `end` value, the function computes a sum that is one less than expected, resulting in an off-by-one discrepancy.

**How to fix it:**

- If the intention is to include `end`, change the loop to:

```python
for i in range(start, end + 1):
```

- Or clarify the function's documentation to specify whether `end` is inclusive or exclusive.

**Summary:**

The core reason for the off-by-one error is that `range()` excludes its stop value, but the function's logic or user expectation may assume inclusion, leading to an off-by-one mistake.",,"Certainly! To sum the numbers **inclusive** of both `start` and `end`, you just need to adjust the range to go up to `end + 1` like this:

```python
def sum_range(start, end):
    total = 0
    for i in range(start, end + 1):
        total += i
    return total
```

This ensures the loop includes the `end` value in the sum.","To correct the `sum_range` function so that it sums **both** `start` and `end` inclusively, you should modify the `range` call to include `end` by adding 1 to it.

**Corrected code:**

```python
def sum_range(start, end):
    total = 0
    for i in range(start, end + 1):
        total += i
    return total
```

**Explanation:**

- `range(start, end + 1)` generates integers starting from `start` up to and including `end`.
- This aligns with the common expectation that `sum_range(1, 5)` sums `1 + 2 + 3 + 4 + 5`.

**Note:** Always clarify whether your function is inclusive or exclusive of the `end` parameter to prevent such off-by-one errors.",0.841709554195404,"{'codebleu': 0.3454980481536869, 'ngram_match_score': 0.1746706649368003, 'weighted_ngram_match_score': 0.22086319434461396, 'syntax_match_score': 0.453125, 'dataflow_match_score': 0.5333333333333333}",0,407
"Examine the C++ function. Identify the bug category (e.g., UAF, buffer-overflow, logic).  Give a one-sentence justification.","With the identified category and justification:
{analysis}
Return ONLY the phrase that names the bug category.","
int* getArray(int size){
    int arr[size];
    return arr;
}
","Bug category: Use-After-Free (UAF)

Justification: The function returns a pointer to a local stack-allocated array that goes out of scope once the function returns, leading to undefined behavior when accessed.",,The bug is a use-after-free (UAF) or dangling pointer issue because the function returns a pointer to a local stack-allocated array that goes out of scope when the function exits.,,Use-After-Free (UAF),Dangling pointer,0.3074065148830414,"{'codebleu': 0.25, 'ngram_match_score': 0, 'weighted_ngram_match_score': 0, 'syntax_match_score': 0.0, 'dataflow_match_score': 0}",0,20
"Outline the pieces a regex email validator must test (username rules, @, domain, TLD).","Using the outline below:
{analysis}
Write a Python function is_valid_email that returns True/False.","
def is_valid_email(email):
    # TODO
    pass
","Certainly! When building a regex for validating an email address, the validator should cover these main components:

### 1. Username (local part)
- Allowed characters:
  - Letters (a-z, A-Z)
  - Digits (0-9)
  - Special characters like `.`, `_`, `+`, `-` (depending on rules)
- Restrictions:
  - Cannot start or end with `.`
  - No two consecutive dots (`..`)
  - Usually length limits (often up to 64 characters)
  - Some systems allow quoted strings, but commonly skipped for simplicity

### 2. The `@` symbol
- Exactly one `@` symbol separating username and domain

### 3. Domain
- Consists of one or more labels separated by dots `.`
- Labels:
  - Must start and end with letter or digit
  - Can contain hyphens `-` (not at start or end)
  - No underscores in domain labels
  - Labels length typically 1-63 characters

### 4. Top Level Domain (TLD)
- Usually last label in domain
- Only letters (a-z, case-insensitive)
- Minimum length 2 (e.g., `.com`, `.net`, `.io`)
- Some TLDs can be longer (e.g., `.museum`)

---

### Example outline of regex parts:

```python
username_pattern = r""[a-zA-Z0-9._%+-]+""  # simplified for allowed chars
domain_label = r""[a-zA-Z0-9]([a-zA-Z0-9-]{0,61}[a-zA-Z0-9])?""
domain_pattern = rf""({domain_label}\.)+""
tld_pattern = r""[a-zA-Z]{2,}""
email_pattern = rf""^{username_pattern}@{domain_pattern}{tld_pattern}$""
```

---

### Summary checklist for your validator:

| Part     | What to check                        | Example                      |
|----------|-----------------------------------|------------------------------|
| Username | Allowed chars, no leading/trailing `.`, no consecutive dots | `john.doe`, `user_name+1`     |
| `@`      | Exactly one                        | `@`                          |
| Domain   | Labels start/end with letter/digit, hyphens allowed inside, no underscores, separated by dots | `example`, `sub-domain`       |
| TLD      | Letters only, length ≥ 2           | `",,"To create a comprehensive regex email validator, you need to ensure it tests the following key components:

1. **Username (local part):**
   - Allowed characters (letters, digits, dots, underscores, hyphens, plus signs, etc.)
   - No consecutive dots
   - Cannot start or end with a dot
   - Length restrictions (if any)
   
2. **At symbol (@):**
   - Must be present
   - Exactly one occurrence
   
3. **Domain:**
   - Allowed characters (letters, digits, hyphens)
   - Labels separated by dots
   - Labels cannot start or end with a hyphen
   - No consecutive dots
   
4. **Top-Level Domain (TLD):**
   - Usually 2-63 characters
   - Only alphabetic characters (some TLDs are longer, but typically TLDs are alphabetic)
   - Valid TLDs (optional: check against a list, but for regex, general pattern suffices)
   
---

### Example regex outline

Here's an example pattern that covers these rules roughly:

```python
import re

def is_valid_email(email):
    pattern = re.compile(
        r""^(?!.*\.\.)(?!.*\.$)(?!^\.)""                     # No consecutive dots, not starting or ending with dot
        r""[A-Za-z0-9._%+-]+@""                            # Username (local part)
        r""[A-Za-z0-9.-]+\.""                              # Domain labels
        r""[A-Za-z]{2,}$""                                 # TLD
    )
    return re.match(pattern, email) is not None
```

### Notes:
- This pattern is simplified and may not cover all edge cases.
- For production, consider more detailed patterns or validation libraries.
- The pattern enforces that the username contains allowed characters, no consecutive dots, and the overall structure is correct.

---

### Summary of pieces tested:
- **Username rules:** Allowed characters, no double dots, no starting/ending with dot
- **@ symbol:** Exactly one, separating username and domain
- **Domain:** Valid characters, labels separated by dots, labels do not start/end with hyphens
- **TLD:** Alphabetic, length constraints

---

Would you like a more detailed or stricter regex?",,"Here's a Python function `is_valid_email` implementing the validation based on the outline above.

It uses a regex to validate:

- Username with allowed characters, no leading/trailing dot, no consecutive dots
- Exactly one @ symbol
- Domain labels with allowed chars and hyphens, no underscores
- TLD only letters, at least 2 chars long

```python
import re

def is_valid_email(email):
    # Username (local part):
    # - Allowed: letters, digits, . _ + -
    # - No leading/trailing dot
    # - No consecutive dots
    username_pattern = (
        r""(?!\.)""                  # username can't start with dot
        r""(?!.*\.\.)""              # no consecutive dots
        r""[a-zA-Z0-9._+-]{1,64}""   # allowed chars, max length 64
        r""(?<!\.)""                 # username can't end with dot
    )

    # Domain label:
    # - Start and end with alnum
    # - Hyphens allowed inside
    domain_label = (
        r""[a-zA-Z0-9]""             # start with alnum
        r""(?:[a-zA-Z0-9-]{0,61}""  # middle chars alnum or hyphen
        r""[a-zA-Z0-9])?""           # end with alnum
    )

    # Domain:
    # - One or more labels separated by dots
    domain_pattern = rf""(?:{domain_label}\.)+""

    # TLD:
    # - Only letters, min length 2
    tld_pattern = r""[a-zA-Z]{2,}""

    # Full regex pattern
    pattern = rf""^{username_pattern}@{domain_pattern}{tld_pattern}$""

    # Compile regex with case-insensitive flag
    regex = re.compile(pattern)

    return bool(regex.match(email))
```

---

### Examples:

```python
print(is_valid_email(""john.doe@example.com""))         # True
print(is_valid_email(""user_name+1@sub-domain.io""))    # True
print(is_valid_email("".john@example.com""))            # False (username starts with dot)
print(is_valid_email(""john..doe@example.com""))        # False (consecutive dots in username)
print(is_valid_email(""john@-example.com""))            # False (domain label starts with hyphen)
print(is_valid_email(""john@example.c""))               # False (TLD less than 2 chars)
print(is_valid_email(""john@example_domain.com""))      # False (underscore in domain)
```

---

This function covers the main common rules for email validation according to the outline. For stricter or more complex validation (like quoted strings, IP addresses as domains, etc.), more advanced regex or dedicated libraries would be needed.","Certainly! Based on the outline and requirements, here's a more comprehensive Python implementation of `is_valid_email` using a regex that enforces the key components:

```python
import re

def is_valid_email(email):
    # Regex pattern:
    # - Ensures local part: allowed characters, no consecutive dots, doesn't start/end with dot
    # - Ensures exactly one '@'
    # - Ensures domain labels: allowed characters, no leading/trailing hyphens, no consecutive dots
    # - Ensures TLD: alphabetic, 2-63 characters
    pattern = re.compile(
        r""^(?=.{1,256}$)""  # Overall length limit (local + domain)
        # Local part
        r""(?!.*\.\.)""  # No consecutive dots anywhere
        r""[A-Za-z0-9._%+-]+""
        r""(?<!\.)""     # Local part doesn't end with dot
        r""@""
        # Domain part
        r""(?:(?!-)[A-Za-z0-9-]{1,63}(?<!-)\.)+""  # Domain labels separated by dots; labels can't start or end with hyphen
        # TLD
        r""[A-Za-z]{2,63}$""  # TLD: 2 to 63 alphabetic characters
    )

    match = pattern.match(email)
    return match is not None
```

### Explanation:
- `^(?=.{1,256}$)`: Ensures total length is within reasonable bounds (commonly 254 for email addresses, but allows some flexibility).
- `(?!.*\.\.)`: No consecutive dots anywhere in the local or domain parts.
- `[A-Za-z0-9._%+-]+`: Allowed characters in the local part.
- `(?<!\.)`: Local part doesn't end with a dot.
- `@`: The separator.
- `(?:(?!-)[A-Za-z0-9-]{1,63}(?<!-)\.)+`: Domain labels separated by dots; labels cannot start/end with hyphen.
- `[A-Za-z]{2,63}$`: TLD with only alphabetic characters, length 2-63.

### Usage:
```python
print(is_valid_email(""user.name+tag@example-domain.com""))  # True
print(is_valid_email(""user..name@example.com""))  # False (consecutive dots)
print(is_valid_email("".username@example.com""))  # False (starts with dot)
print(is_valid_email(""username@-example.com""))  # False (domain label starts with hyphen)
print(is_valid_email(""username@example.c""))  # False (TLD too short)
```

This implementation covers the main rules outlined and provides a reasonably strict validation. For production use, consider additional checks or specialized validation libraries.",0.9274435639381409,"{'codebleu': 0.3129294009307977, 'ngram_match_score': 0.1178610451881599, 'weighted_ngram_match_score': 0.12814369216642685, 'syntax_match_score': 0.5303030303030303, 'dataflow_match_score': 0.47540983606557374}",0,1644
Describe the JSON structure a '/greet/<username>' Flask endpoint should return.,"Following the description:
{analysis}
Write the greet function so Flask returns that JSON.","
from flask import Flask, jsonify
app = Flask(__name__)

@app.route('/greet/<username>')
def greet(username):
    # TODO
    pass
","The `/greet/<username>` endpoint should return a JSON response that includes a greeting message personalized with the provided `username`.

A typical JSON structure could be:

```json
{
  ""message"": ""Hello, <username>!""
}
```

For example, if `username` is `""Alice""`, the JSON response would be:

```json
{
  ""message"": ""Hello, Alice!""
}
```

---

To implement this in your Flask endpoint:

```python
from flask import Flask, jsonify
app = Flask(__name__)

@app.route('/greet/<username>')
def greet(username):
    return jsonify({
        ""message"": f""Hello, {username}!""
    })
```

This returns a JSON object with a single key `""message""` and a personalized greeting string as its value.",,"The `/greet/<username>` endpoint should return a JSON object containing a greeting message that includes the provided username. A typical JSON structure might look like this:

```json
{
  ""message"": ""Hello, <username>!""
}
```

In Python/Flask, you can generate this JSON response using `jsonify`. Here's an example implementation:

```python
from flask import Flask, jsonify

app = Flask(__name__)

@app.route('/greet/<username>')
def greet(username):
    return jsonify({""message"": f""Hello, {username}!""})
```

This way, when a client accesses `/greet/John`, the response will be:

```json
{
  ""message"": ""Hello, John!""
}
```",,"```python
from flask import Flask, jsonify
app = Flask(__name__)

@app.route('/greet/<username>')
def greet(username):
    return jsonify({
        ""message"": f""Hello, {username}!""
    })
```","```python
from flask import Flask, jsonify

app = Flask(__name__)

@app.route('/greet/<username>')
def greet(username):
    return jsonify({""message"": f""Hello, {username}!""})
```",1.0000001192092896,"{'codebleu': 0.8646623446627208, 'ngram_match_score': 0.6792310722877624, 'weighted_ngram_match_score': 0.7794183063631209, 'syntax_match_score': 1.0, 'dataflow_match_score': 1.0}",0,15
"Draft the tables, primary keys and foreign keys needed for users, books, reviews.","Convert the draft below:
{analysis}
into executable SQL CREATE TABLE statements.","
-- put schema here
","```sql
-- Users table
CREATE TABLE Users (
    user_id INT PRIMARY KEY AUTO_INCREMENT,
    username VARCHAR(50) NOT NULL UNIQUE,
    email VARCHAR(100) NOT NULL UNIQUE,
    password_hash VARCHAR(255) NOT NULL,
    created_at TIMESTAMP DEFAULT CURRENT_TIMESTAMP
);

-- Books table
CREATE TABLE Books (
    book_id INT PRIMARY KEY AUTO_INCREMENT,
    title VARCHAR(255) NOT NULL,
    author VARCHAR(255) NOT NULL,
    published_date DATE,
    isbn VARCHAR(20) UNIQUE,
    created_at TIMESTAMP DEFAULT CURRENT_TIMESTAMP
);

-- Reviews table
CREATE TABLE Reviews (
    review_id INT PRIMARY KEY AUTO_INCREMENT,
    user_id INT NOT NULL,
    book_id INT NOT NULL,
    rating INT CHECK (rating >= 1 AND rating <= 5),
    review_text TEXT,
    created_at TIMESTAMP DEFAULT CURRENT_TIMESTAMP,
    FOREIGN KEY (user_id) REFERENCES Users(user_id) ON DELETE CASCADE,
    FOREIGN KEY (book_id) REFERENCES Books(book_id) ON DELETE CASCADE
);
```",,"Certainly! Below is a sample schema including tables for `users`, `books`, and `reviews`, along with their primary keys and foreign keys:

```sql
-- Users table
CREATE TABLE users (
    user_id INT PRIMARY KEY AUTO_INCREMENT,
    username VARCHAR(50) NOT NULL UNIQUE,
    email VARCHAR(100) NOT NULL UNIQUE,
    password_hash VARCHAR(255) NOT NULL,
    created_at TIMESTAMP DEFAULT CURRENT_TIMESTAMP
);

-- Books table
CREATE TABLE books (
    book_id INT PRIMARY KEY AUTO_INCREMENT,
    title VARCHAR(255) NOT NULL,
    author VARCHAR(255),
    publication_year INT,
    isbn VARCHAR(20) UNIQUE,
    created_at TIMESTAMP DEFAULT CURRENT_TIMESTAMP
);

-- Reviews table
CREATE TABLE reviews (
    review_id INT PRIMARY KEY AUTO_INCREMENT,
    user_id INT NOT NULL,
    book_id INT NOT NULL,
    rating INT CHECK (rating >= 1 AND rating <= 5),
    review_text TEXT,
    review_date TIMESTAMP DEFAULT CURRENT_TIMESTAMP,
    -- Foreign keys
    FOREIGN KEY (user_id) REFERENCES users(user_id),
    FOREIGN KEY (book_id) REFERENCES books(book_id)
);
```

### Explanation:
- `users`: Stores user info with a unique `user_id`.
- `books`: Stores book info with a unique `book_id`.
- `reviews`: Stores reviews linking users and books via foreign keys (`user_id` and `book_id`), with a rating and optional review text.

Let me know if you'd like additional fields or constraints!",,"```sql
-- Users table
CREATE TABLE Users (
    user_id INT PRIMARY KEY AUTO_INCREMENT,
    username VARCHAR(50) NOT NULL UNIQUE,
    email VARCHAR(100) NOT NULL UNIQUE,
    password_hash VARCHAR(255) NOT NULL,
    created_at TIMESTAMP DEFAULT CURRENT_TIMESTAMP
);

-- Books table
CREATE TABLE Books (
    book_id INT PRIMARY KEY AUTO_INCREMENT,
    title VARCHAR(255) NOT NULL,
    author VARCHAR(255) NOT NULL,
    published_date DATE,
    isbn VARCHAR(20) UNIQUE,
    created_at TIMESTAMP DEFAULT CURRENT_TIMESTAMP
);

-- Reviews table
CREATE TABLE Reviews (
    review_id INT PRIMARY KEY AUTO_INCREMENT,
    user_id INT NOT NULL,
    book_id INT NOT NULL,
    rating INT CHECK (rating >= 1 AND rating <= 5),
    review_text TEXT,
    created_at TIMESTAMP DEFAULT CURRENT_TIMESTAMP,
    FOREIGN KEY (user_id) REFERENCES Users(user_id) ON DELETE CASCADE,
    FOREIGN KEY (book_id) REFERENCES Books(book_id) ON DELETE CASCADE
);
```","Certainly! Here's the complete set of executable SQL `CREATE TABLE` statements for the schema:

```sql
-- Create users table
CREATE TABLE users (
    user_id INT PRIMARY KEY AUTO_INCREMENT,
    username VARCHAR(50) NOT NULL UNIQUE,
    email VARCHAR(100) NOT NULL UNIQUE,
    password_hash VARCHAR(255) NOT NULL,
    created_at TIMESTAMP DEFAULT CURRENT_TIMESTAMP
);

-- Create books table
CREATE TABLE books (
    book_id INT PRIMARY KEY AUTO_INCREMENT,
    title VARCHAR(255) NOT NULL,
    author VARCHAR(255),
    publication_year INT,
    isbn VARCHAR(20) UNIQUE,
    created_at TIMESTAMP DEFAULT CURRENT_TIMESTAMP
);

-- Create reviews table
CREATE TABLE reviews (
    review_id INT PRIMARY KEY AUTO_INCREMENT,
    user_id INT NOT NULL,
    book_id INT NOT NULL,
    rating INT CHECK (rating >= 1 AND rating <= 5),
    review_text TEXT,
    review_date TIMESTAMP DEFAULT CURRENT_TIMESTAMP,
    -- Foreign key constraints
    FOREIGN KEY (user_id) REFERENCES users(user_id),
    FOREIGN KEY (book_id) REFERENCES books(book_id)
);
```",0.7459701299667358,"{'codebleu': 0.6841143244021453, 'ngram_match_score': 0.6048016423659833, 'weighted_ngram_match_score': 0.6029200230586895, 'syntax_match_score': 0.6666666666666666, 'dataflow_match_score': 0.8620689655172413}",0,220
Explain what can go wrong if s is null in the Java method.,"Using that explanation:
{analysis}
write a safe implementation that avoids NullPointerException.","
public int getLength(String s){
    return s.length();
}
","If the parameter `s` is `null` when the method `getLength` is called, the following problem will occur:

- The method tries to call `s.length()`.
- Since `s` is `null`, there is no actual `String` object to invoke `length()` on.
- This causes Java to throw a **`NullPointerException`** at runtime.

In other words, the method does not handle the `null` case, leading to a runtime crash or exception when `null` is passed in.

### How to fix this issue?

You can add a null check before calling `length()`:

```java
public int getLength(String s){
    if (s == null) {
        return 0; // or handle null case as appropriate
    }
    return s.length();
}
```

Or use Java 8's `Optional` or other patterns to safely handle null inputs.",,"If the parameter `s` is `null` when calling the `getLength` method, a `NullPointerException` will be thrown at runtime. This is because the method attempts to invoke `s.length()`, which is an instance method on the `String` object. If `s` is `null`, there is no actual `String` object to invoke the method on, leading to a null reference dereference.

**What can go wrong:**

- **NullPointerException:** The most common issue is that your program will throw a `NullPointerException`, which can cause the program to terminate unexpectedly unless properly handled.
- **Potential crashes or unpredictable behavior:** If not caught, this exception can lead to application crashes or inconsistent states.
- **Difficulty in debugging:** If the method is called with `null` input unexpectedly, it might be challenging to identify the cause, especially if the null value propagates through multiple layers.

**How to prevent this:**

- Validate input before calling `length()`:

```java
public int getLength(String s){
    if (s == null) {
        // Handle null case, e.g., return 0 or throw an exception
        return 0; // or throw new IllegalArgumentException(""Input string cannot be null"");
    }
    return s.length();
}
```

- Use `Objects.requireNonNull(s)` to enforce non-null input:

```java
import java.util.Objects;

public int getLength(String s){
    Objects.requireNonNull(s, ""Input string cannot be null"");
    return s.length();
}
```

**Summary:**
Passing `null` to `getLength` causes a `NullPointerException` at runtime when calling `s.length()`. Proper null checks or input validation can prevent this issue.",,"Here's a safe implementation of the `getLength` method that avoids a `NullPointerException` by checking if `s` is `null` before calling `length()`:

```java
public int getLength(String s) {
    if (s == null) {
        return 0; // or any other appropriate default value
    }
    return s.length();
}
```

This way, if `s` is `null`, the method returns `0` instead of throwing an exception.","Certainly! To make the `getLength` method safe and avoid `NullPointerException`, you should include a null check before calling `s.length()`. Here's a robust implementation:

```java
public int getLength(String s) {
    if (s == null) {
        // Decide how to handle null input:
        // For example, return 0 if null input should be treated as empty.
        // Alternatively, throw an exception to indicate invalid input.
        return 0;
        // Or, uncomment the following line to throw an exception:
        // throw new IllegalArgumentException(""Input string cannot be null"");
    }
    return s.length();
}
```

**Explanation:**
- Checks if `s` is `null`.
- If `null`, returns `0` (or handles as appropriate).
- If not `null`, safely returns the length of the string.

This approach ensures the method won't throw a `NullPointerException` regardless of the input.",0.9257861375808716,"{'codebleu': 0.259589807266222, 'ngram_match_score': 0.11275251291544412, 'weighted_ngram_match_score': 0.16538608019876253, 'syntax_match_score': 0.47761194029850745, 'dataflow_match_score': 0.2826086956521739}",0,589
List corner-cases a CSV line parser must handle when fields are quoted.,"Refactor the function below using the corner-cases list:
{analysis}
so it returns an accurate list of fields.","
def parse_csv_line(line):
    return line.split(',')  # broken
","When parsing CSV lines with quoted fields, a simple split on commas is insufficient because commas inside quoted fields are not separators. Here are key corner cases a CSV line parser must handle when fields are quoted:

1. **Commas inside quoted fields**  
   - Example: `""Smith, John"",25,""New York""`  
   The comma inside `""Smith, John""` should not split the field.

2. **Quotes inside quoted fields (escaped quotes)**  
   - Example: `""John """"Johnny"""" Smith"",30,""NY""`  
   Double quotes `""""` inside a quoted field represent a literal quote character.

3. **Fields that are fully quoted or partially quoted**  
   - Fields may be fully enclosed in quotes or not quoted at all.

4. **Empty fields**  
   - Example: `""John"",,""NY""`  
   Empty fields between commas.

5. **Whitespace outside quotes**  
   - Whitespace before or after fields that may or may not be significant.

6. **Newlines inside quoted fields**  
   - Example: `""John\nSmith"",30,""NY""`  
   Quoted fields may contain newlines if the CSV spans multiple lines.

7. **Fields with only quotes**  
   - Example: `"""""""",25,""NY""`  
   A field that is an empty quoted string or contains only quotes.

8. **Trailing commas (empty last field)**  
   - Example: `""John"",25,""NY"",`  
   The trailing comma indicates a final empty field.

9. **Malformed lines**  
   - Unclosed quotes, mismatched quotes, or other syntax errors.

---

A robust CSV parser must handle these cases correctly, not just split on commas.

---

If you want, I can provide a corrected `parse_csv_line` function that handles quoted fields properly.",,"When parsing CSV lines with quoted fields, a robust parser must handle several corner cases to correctly interpret the data. Here are the key corner cases:

1. **Quoted Fields Containing Commas**  
   - Fields that include commas inside quotes should not be split at those commas.
   - Example: `""Smith, John"",25,""New York, NY""`

2. **Quoted Fields Containing Double Quotes**  
   - Double quotes inside a quoted field are escaped by doubling them (`""""`).
   - Example: `""John """"Johnny"""" Smith"",30`

3. **Unclosed Quotes**  
   - Lines where a quoted field is not properly closed.
   - Example: `""John,25,""New York""` (missing closing quote)

4. **Empty Fields**  
   - Fields that are empty, either quoted or unquoted.
   - Example: `John,,25`

5. **Fields with Leading or Trailing Spaces**  
   - Spaces outside quotes should be handled correctly, either preserved or trimmed based on requirements.
   - Example: `  John  , ""  New York  ""`

6. **Fields with Whitespace Inside Quotes**  
   - Spaces inside quotes are part of the data.
   - Example: `"" John Doe ""`

7. **Line Ending Variations**  
   - Handling different line endings (`\n`, `\r\n`, `\r`) if parsing multiple lines.

8. **Escape Sequences and Special Characters**  
   - Handling escape sequences if the CSV format uses them (less common in standard CSV).

9. **Multiple Consecutive Delimiters**  
   - Consecutive commas indicating empty fields.
   - Example: `John,,New York`

10. **Fields with Embedded Line Breaks**  
    - Quoted fields that span multiple lines (if parsing multi-line CSV data).

---

**Summary:**  
A proper CSV parser must recognize when a comma is inside quotes versus when it separates fields, handle escaped quotes inside quoted fields, detect unclosed quotes, and accurately process empty or whitespace-only fields, among other edge cases. The naive split on commas (`line.split(',')`) fails to address these complexities, leading to incorrect parsing.",,"Here's a refactored `parse_csv_line` function that handles all the corner cases you listed. It parses the CSV line character-by-character, respects quoted fields, handles escaped quotes, empty fields, whitespace, trailing commas, and detects malformed lines by raising an error.

```python
def parse_csv_line(line):
    fields = []
    field = []
    in_quotes = False
    i = 0
    length = len(line)

    while i < length:
        char = line[i]

        if in_quotes:
            if char == '""':
                # Check if this is an escaped quote
                if i + 1 < length and line[i + 1] == '""':
                    field.append('""')
                    i += 1  # skip the escaped quote
                else:
                    # End of quoted field
                    in_quotes = False
            else:
                # Accept any char inside quotes including commas and newlines
                field.append(char)
        else:
            if char == ',':
                # End of field
                fields.append(''.join(field))
                field = []
            elif char == '""':
                # Start of quoted field (only valid if field is empty)
                if len(field) == 0:
                    in_quotes = True
                else:
                    # Unexpected quote inside unquoted field: malformed
                    raise ValueError(f'Malformed CSV line: unexpected quote at position {i}')
            else:
                # Normal char outside quotes
                field.append(char)
        i += 1

    # Add the last field
    if in_quotes:
        # Unclosed quote at end of line - malformed
        raise ValueError('Malformed CSV line: unclosed quote at end of line')

    fields.append(''.join(field))

    return fields
```

### Explanation
- **Quoted fields** are handled by toggling `in_quotes` when a quote character is encountered.
- **Escaped quotes** `""""` inside quoted fields are translated to a single `""`.
- **Commas inside quotes** are treated as normal characters, not field separators.
- **Empty fields** are handled naturally when encountering `,,`.
- **Trailing commas** add an empty field at the end.
- **Whitespace is preserved** exactly as it appears inside or outside quotes.
- **Malformed lines** (like unclosed quotes or unexpected quotes) raise `ValueError`.

---

### Example usage:

```python
line = '""Smith, John"",25,""New York""'
print(parse_csv_line(line))
# Output: ['Smith, John', '25', 'New York']

line = '""John """"Johnny"""" Smith"",30,""NY""'
print(parse_csv_line(line))
# Output: ['John ""Johnny"" Smith', '30', 'NY']

line = 'John,,""NY"",'
print(parse_csv_line(line))
# Output: ['John', '', 'NY', '']

line = '""John\nSmith"",30,""NY""'
print(parse_csv_line(line))
# Output: ['John\nSmith', '30', 'NY']
```

---

If you want, I can help you extend this parser to handle multi-line CSV records as well. Let me know!","To handle all these corner cases, you need to implement a stateful parser that processes the line character by character, keeping track of whether you're inside quotes, handling escaped quotes, and recognizing delimiters accordingly.

Here's a robust implementation that considers all the listed corner cases:

```python
def parse_csv_line(line):
    fields = []
    field = ''
    in_quotes = False
    i = 0
    length = len(line)
    
    while i < length:
        char = line[i]
        
        if char == '""':
            if in_quotes:
                # Check for escaped double quotes ("""")
                if i + 1 < length and line[i + 1] == '""':
                    field += '""'
                    i += 1  # Skip the escaped quote
                else:
                    in_quotes = False  # End of quoted field
            else:
                in_quotes = True  # Start of quoted field
        elif char == ',' and not in_quotes:
            # End of field
            fields.append(field)
            field = ''
        else:
            # Regular character
            field += char
        i += 1
    
    # Append the last field
    fields.append(field)
    
    # Optional: trim whitespace outside quotes if desired
    # For now, preserve as-is to respect spacing inside quotes.
    return fields
```

### Explanation:
- **State management:** `in_quotes` tracks whether we're inside a quoted field.
- **Handling quotes:** When encountering a `""`, toggle `in_quotes`, and handle escaped double quotes (`""""`) by adding a single `""` to the current field.
- **Handling commas:** Only split at commas when not inside quotes.
- **Unclosed quotes:** This implementation does not explicitly handle unclosed quotes; it will parse until the end. You might want to add validation if needed.
- **Whitespace:** Preserves spaces as-is, but you can strip outside quotes if desired.
- **Empty fields:** Are captured correctly, e.g., consecutive commas.

This implementation correctly handles cases like embedded commas, escaped quotes, empty fields, and more.",0.9294875860214233,"{'codebleu': 0.4259586068325235, 'ngram_match_score': 0.2016478802366712, 'weighted_ngram_match_score': 0.2647133677421671, 'syntax_match_score': 0.5971223021582733, 'dataflow_match_score': 0.6403508771929824}",0,1760
"Sketch the REST routes needed to expose Product via Ktor (URLs, verbs).","Turn the sketch below into Kotlin Ktor routing code:
{analysis}","
data class Product(val id:Int, val name:String, val price:Double)
","Certainly! Here's a typical set of REST routes to expose the `Product` resource using Ktor, with corresponding HTTP verbs and URL patterns:

| HTTP Verb | URL                | Description                  |
|-----------|--------------------|------------------------------|
| GET       | /products          | Get all products              |
| GET       | /products/{id}     | Get a product by ID           |
| POST      | /products          | Create a new product          |
| PUT       | /products/{id}     | Update a product by ID        |
| DELETE    | /products/{id}     | Delete a product by ID        |

---

### Example Ktor route sketch:

```kotlin
data class Product(val id: Int, val name: String, val price: Double)

fun Route.productRoutes() {
    route(""/products"") {
        get {
            // Handle fetching all products
        }
        post {
            // Handle creating a new product
        }
        get(""{id}"") {
            // Handle fetching a product by id
        }
        put(""{id}"") {
            // Handle updating a product by id
        }
        delete(""{id}"") {
            // Handle deleting a product by id
        }
    }
}
```

This setup follows REST conventions and cleanly exposes CRUD operations for `Product`.",,"Certainly! Here's a typical set of REST routes to expose the `Product` resource via Ktor, following standard REST conventions:

```kotlin
// Create a new product
POST    /products          -> create a new product

// Retrieve all products
GET     /products          -> get list of all products

// Retrieve a specific product by ID
GET     /products/{id}     -> get product with specified id

// Update an existing product by ID
PUT     /products/{id}     -> update product with specified id

// Partially update an existing product (optional, often PATCH)
PATCH   /products/{id}     -> partially update product with specified id

// Delete a product by ID
DELETE  /products/{id}     -> delete product with specified id
```

**Summary:**

| HTTP Verb | URL Pattern          | Action                          |
|------------|----------------------|---------------------------------|
| POST       | `/products`          | Create a new product            |
| GET        | `/products`          | List all products               |
| GET        | `/products/{id}`     | Get a specific product by ID    |
| PUT        | `/products/{id}`     | Replace/update a product        |
| PATCH      | `/products/{id}`     | Partially update a product     |
| DELETE     | `/products/{id}`     | Delete a product                |

You can implement these routes in Ktor using routing blocks and handlers for each HTTP verb.",,"Certainly! Here's a complete Kotlin Ktor routing example implementing the REST endpoints for `Product`. For simplicity, I'll use an in-memory mutable list to simulate a data store.

```kotlin
import io.ktor.application.*
import io.ktor.http.*
import io.ktor.request.*
import io.ktor.response.*
import io.ktor.routing.*
import io.ktor.features.ContentNegotiation
import io.ktor.serialization.kotlinx.json.*
import kotlinx.serialization.Serializable
import kotlinx.serialization.json.Json

@Serializable
data class Product(val id: Int, val name: String, val price: Double)

fun Application.module() {
    install(ContentNegotiation) {
        json(Json { prettyPrint = true })
    }

    val products = mutableListOf<Product>(
        Product(1, ""Apple"", 0.99),
        Product(2, ""Banana"", 0.59)
    )

    routing {
        route(""/products"") {
            // Get all products
            get {
                call.respond(products)
            }

            // Create a new product
            post {
                val product = call.receive<Product>()
                // Simple check to avoid duplicate IDs
                if (products.any { it.id == product.id }) {
                    call.respond(HttpStatusCode.Conflict, ""Product with id ${product.id} already exists."")
                    return@post
                }
                products.add(product)
                call.respond(HttpStatusCode.Created, product)
            }

            // Get a product by ID
            get(""{id}"") {
                val id = call.parameters[""id""]?.toIntOrNull()
                if (id == null) {
                    call.respond(HttpStatusCode.BadRequest, ""Invalid or missing id"")
                    return@get
                }

                val product = products.find { it.id == id }
                if (product == null) {
                    call.respond(HttpStatusCode.NotFound, ""Product not found"")
                } else {
                    call.respond(product)
                }
            }

            // Update a product by ID
            put(""{id}"") {
                val id = call.parameters[""id""]?.toIntOrNull()
                if (id == null) {
                    call.respond(HttpStatusCode.BadRequest, ""Invalid or missing id"")
                    return@put
                }

                val updatedProduct = call.receive<Product>()

                val index = products.indexOfFirst { it.id == id }
                if (index == -1) {
                    call.respond(HttpStatusCode.NotFound, ""Product not found"")
                    return@put
                }

                // Optionally check if updatedProduct.id matches path id or ignore it
                if (updatedProduct.id != id) {
                    call.respond(HttpStatusCode.BadRequest, ""Product ID in body must match URL path id"")
                    return@put
                }

                products[index] = updatedProduct
                call.respond(updatedProduct)
            }

            // Delete a product by ID
            delete(""{id}"") {
                val id = call.parameters[""id""]?.toIntOrNull()
                if (id == null) {
                    call.respond(HttpStatusCode.BadRequest, ""Invalid or missing id"")
                    return@delete
                }

                val removed = products.removeIf { it.id == id }
                if (removed) {
                    call.respond(HttpStatusCode.NoContent)
                } else {
                    call.respond(HttpStatusCode.NotFound, ""Product not found"")
                }
            }
        }
    }
}
```

### Explanation:

- **GET /products** returns the entire list of products.
- **POST /products** accepts a JSON product, checks for duplicate id, and adds it.
- **GET /products/{id}** returns the product with the given id or 404 if not found.
- **PUT /products/{id}** updates an existing product by replacing it with the received product data if the id matches.
- **DELETE /products/{id}** deletes the product with the given id, returning 204 No Content if successful.

Make sure you have Ktor dependencies for `ktor-server-core`, `ktor-server-netty`, and `ktor-serialization-kotlinx-json` along with Kotlinx Serialization configured.

This is a minimal example to get you started with RESTful product CRUD in Ktor!","Certainly! Here's how you can implement the REST routes for `Product` in Ktor, assuming you have some kind of in-memory storage or a database:

```kotlin
import io.ktor.application.*
import io.ktor.http.*
import io.ktor.request.*
import io.ktor.response.*
import io.ktor.routing.*

// Example in-memory storage
val products = mutableMapOf<Int, Product>()
var nextId = 1

fun Application.module() {
    routing {
        route(""/products"") {
            // Create a new product
            post {
                val product = call.receive<Product>()
                val id = nextId++
                val newProduct = product.copy(id = id)
                products[id] = newProduct
                call.respond(HttpStatusCode.Created, newProduct)
            }

            // Get all products
            get {
                call.respond(products.values.toList())
            }

            // Get product by ID
            get(""/{id}"") {
                val id = call.parameters[""id""]?.toIntOrNull()
                val product = id?.let { products[it] }
                if (product != null) {
                    call.respond(product)
                } else {
                    call.respond(HttpStatusCode.NotFound, ""Product not found"")
                }
            }

            // Update (replace) product by ID
            put(""/{id}"") {
                val id = call.parameters[""id""]?.toIntOrNull()
                if (id == null || !products.containsKey(id)) {
                    call.respond(HttpStatusCode.NotFound, ""Product not found"")
                    return@put
                }
                val updatedProduct = call.receive<Product>().copy(id = id)
                products[id] = updatedProduct
                call.respond(updatedProduct)
            }

            // Partially update product by ID (optional)
            patch(""/{id}"") {
                val id = call.parameters[""id""]?.toIntOrNull()
                val existing = products[id]
                if (existing == null) {
                    call.respond(HttpStatusCode.NotFound, ""Product not found"")
                    return@patch
                }
                val partial = call.receive<PartialProduct>()
                val updated = existing.copy(
                    name = partial.name ?: existing.name,
                    price = partial.price ?: existing.price
                )
                products[id] = updated
                call.respond(updated)
            }

            // Delete product by ID
            delete(""/{id}"") {
                val id = call.parameters[""id""]?.toIntOrNull()
                if (id == null || products.remove(id) == null) {
                    call.respond(HttpStatusCode.NotFound, ""Product not found"")
                } else {
                    call.respond(HttpStatusCode.NoContent)
                }
            }
        }
    }
}

// Optional data class for partial updates
data class PartialProduct(val name: String?, val price: Double?)
```

**Notes:**
- This example uses an in-memory `MutableMap` for storage.
- The `POST` route assigns a new ID to each product.
- The `PATCH` route uses a `PartialProduct` data class to handle partial updates.
- Error handling is included for missing or non-existent products.

You can adapt the storage and request/response models as needed!",0.9462446570396423,"{'codebleu': 0.4288445046487981, 'ngram_match_score': 0.24593985273631716, 'weighted_ngram_match_score': 0.33517087104112175, 'syntax_match_score': 0.43243243243243246, 'dataflow_match_score': 0.7018348623853211}",0,2310
Break down what each line of the Python function does.,"Using that breakdown:
{analysis}
write a one-sentence summary of the function’s purpose.","
def reverse_words(sentence):
    return ' '.join(sentence.split()[::-1])
","Certainly! Here's a line-by-line breakdown of the function:

```python
def reverse_words(sentence):
```
- Defines a function named `reverse_words` that takes one parameter, `sentence`, which is expected to be a string.

```python
    return ' '.join(sentence.split()[::-1])
```
- `sentence.split()` splits the input string into a list of words using whitespace as the delimiter.
- `[::-1]` reverses the list of words.
- `' '.join(...)` joins the reversed list of words back into a single string, with spaces between each word.
- `return` outputs the resulting reversed-word string from the function.

### Summary:
The function takes a sentence, splits it into words, reverses the order of the words, and then joins them back into a string with spaces, effectively returning the sentence with the word order reversed.",,"Certainly! Here's a line-by-line explanation of the `reverse_words` function:

```python
def reverse_words(sentence):
```
- **Defines a function named `reverse_words`** that takes a single parameter called `sentence` (expected to be a string).

```python
    return ' '.join(sentence.split()[::-1])
```
- **`sentence.split()`**:
  - Splits the input string `sentence` into a list of words based on whitespace.
  - For example, `""Hello world""` becomes `[""Hello"", ""world""]`.
  
- **`[::-1]`**:
  - This is slicing syntax that reverses the list.
  - So, `[""Hello"", ""world""]` becomes `[""world"", ""Hello""]`.
  
- **`' '.join(...)`**:
  - Joins the reversed list of words back into a single string, inserting a space `' '` between each word.
  - Continuing the example, `[""world"", ""Hello""]` becomes `""world Hello""`.

- **`return`**:
  - The function returns the resulting string with the words in reverse order.

**In summary:**  
The function splits the input sentence into words, reverses the order of those words, and then joins them back into a string separated by spaces, effectively reversing the order of words in the sentence.",,The function `reverse_words` takes a sentence as input and returns a new sentence with the order of the words reversed.,The `reverse_words` function takes a sentence as input and returns a new sentence with the order of words reversed.,0.9905462265014648,"{'codebleu': 0.6937767423148808, 'ngram_match_score': 0.7412891374350541, 'weighted_ngram_match_score': 0.7838178318244691, 'syntax_match_score': 0.25, 'dataflow_match_score': 1.0}",0,22
"From the comment and code, infer the programmer’s *intended English instruction*.","Rewrite the inferred instruction below:
{analysis}
into ONE clear prompt for ChatGPT.","
# This function checks if a number is prime
def is_prime(n):
    if n <= 1: return False
    for i in range(2,int(n**0.5)+1):
        if n % i == 0: return False
    return True
","The programmer’s intended English instruction is:

""Determine whether a given number is a prime number.""",,Check whether a number is prime.,,Write a function that determines whether a given number is a prime number.,Write a Python function that determines whether a given number is prime.,0.8810842037200928,"{'codebleu': 0.5725470814621938, 'ngram_match_score': 0.6115380576901023, 'weighted_ngram_match_score': 0.6786502681586727, 'syntax_match_score': 0.0, 'dataflow_match_score': 1.0}",0,16
Reason why factorial(0) currently returns 1 incorrectly. Show the loop logic.,"Apply the reasoning:
{analysis}
and output corrected code.","
def factorial(n):
    result = 1
    for i in range(1, n):
        result *= i
    return result
","The reason why `factorial(0)` currently returns `1` is actually **correct** by definition: the factorial of 0 is defined as 1.

However, your implementation has a subtle issue: it **does not correctly compute factorial for general `n`** because the loop runs from `1` to `n - 1` (due to `range(1, n)`), **excluding** `n` itself.

### Explanation of the loop logic:

```python
for i in range(1, n):
    result *= i
```

- `range(1, n)` produces numbers starting at 1 **up to but not including** `n`.
- For example, if `n = 5`, `range(1, 5)` produces `[1, 2, 3, 4]`.
- The loop multiplies `result` by `1`, then `2`, then `3`, then `4`.
- It **does not multiply by `5`**, so the final result is `4!` instead of `5!`.

### What happens when `n = 0`?

- `range(1, 0)` is an empty range, so the loop body doesn't execute at all.
- `result` remains as `1`, which matches the definition of `0! = 1`.
- So your function correctly returns 1 for `n = 0`.

---

### Corrected logic

To compute factorial correctly, the loop should go **up to and including** `n`, i.e., `range(1, n + 1)`:

```python
def factorial(n):
    result = 1
    for i in range(1, n + 1):
        result *= i
    return result
```

This way:

- For `n = 0`, `range(1, 1)` is empty → `result` stays 1 → correct.
- For `n = 5`, `range(1, 6)` → `[1, 2, 3, 4, 5]` → correct factorial calculation.

---

### Summary:

- `factorial(0)` returning `1` is **correct**.
- Your loop misses multiplying by `n` itself for `n > 0`.
- Change loop to `range(1, n + 1)` to fix it.

---

If you want, I can also provide a version using recursion or other approaches!",,"The reason why `factorial(0)` currently returns an incorrect result (which is 0 in your code) is due to the loop's range and initialization logic.

**Current code:**
```python
def factorial(n):
    result = 1
    for i in range(1, n):
        result *= i
    return result
```

**Issue explanation:**
- When `n` is 0, `range(1, 0)` produces an empty sequence, so the loop body doesn't execute.
- The function then returns `result`, which is initialized to 1.
- **This part actually works correctly** for `factorial(0)`, since it returns 1.

**However, the problem occurs for `factorial(1)` and other values:**
- For `n=1`, `range(1, 1)` produces an empty sequence, so the loop doesn't run, and the function returns 1, which is correct.
- For `n > 1`, the loop runs from 1 up to `n-1`. For example:
  - For `n=5`, range(1, 5) gives [1, 2, 3, 4], so the result becomes `1 * 1 * 2 * 3 * 4 = 24`, which is correct.

**But** the loop should include `n` itself for the factorial calculation, or more accurately, it should multiply by all integers from 1 to `n`, inclusive.

---

### Corrected Loop Logic:

To fix the code so that it correctly computes factorial for all `n >= 0`, the loop should run from 1 up to `n` (including `n`). This can be done by:

```python
for i in range(1, n + 1):
    result *= i
```

### Final corrected code:

```python
def factorial(n):
    result = 1
    for i in range(1, n + 1):
        result *= i
    return result
```

**Summary:**
- The main mistake is that the original loop’s range excludes `n`.
- For `factorial(0)`, the code unintentionally works because the loop doesn't run, and `result` remains 1.
- To handle all cases correctly, especially for `n > 0`, include `n` in the range.

---

### Loop logic in detail:

```python
# For n=0:
range(",,"Certainly! As explained:

- The current loop `for i in range(1, n):` excludes `n` itself, so it calculates `(n-1)!` instead of `n!`.
- For `n = 0`, the loop is empty and returns 1, which is correct.
- To fix the general case, the loop must run up to and including `n` by using `range(1, n + 1)`.

Here is the corrected code:

```python
def factorial(n):
    result = 1
    for i in range(1, n + 1):
        result *= i
    return result
```

This correctly computes factorial for all non-negative integers `n`, including `0`.","The current code:

```python
def factorial(n):
    result = 1
    for i in range(1, n):
        result *= i
    return result
```

has a key issue with the loop range. Specifically, `range(1, n)` generates numbers from 1 up to (but not including) n. 

**Why this causes problems:**

- For `n=0`:  
  `range(1, 0)` is empty, so the loop doesn't run, and `result` remains 1.  
  This is actually correct for `factorial(0)` (which should be 1).

- For `n=1`:  
  `range(1, 1)` is empty, so the loop doesn't run, and `result` is 1, which is correct.

- For `n=2`:  
  `range(1, 2)` = [1], loop multiplies `result` by 1 → `result = 1`.  
  Correct, since `2! = 2*1 = 2`.

- For `n=5`:  
  `range(1, 5)` = [1, 2, 3, 4], so the loop multiplies `result` by 1, 2, 3, 4, resulting in `result=24`, which is **incorrect** because it should include multiplying by 5 as well.

**Key problem:**  
The loop stops before reaching `n`. It should include `n` itself to correctly compute the factorial.

---

### Corrected loop logic:

```python
def factorial(n):
    result = 1
    for i in range(1, n + 1):  # include n in the range
        result *= i
    return result
```

**Summary:**  
- The main fix is changing `range(1, n)` to `range(1, n + 1)` so that the loop multiplies by all numbers from 1 up to `n`.  
- This ensures `factorial(n)` computes the correct value for all non-negative integers, including 0 (where the loop doesn't run and result remains 1, which is correct).",0.81661057472229,"{'codebleu': 0.19134910568300204, 'ngram_match_score': 0.06018079124164845, 'weighted_ngram_match_score': 0.12386642514115334, 'syntax_match_score': 0.4861111111111111, 'dataflow_match_score': 0.09523809523809523}",0,1052
Describe the algorithm to delete a node by value in a singly-linked list.,"Implement deleteNode according to the algorithm:
{analysis}","
struct Node{ int data; struct Node* next; };

void deleteNode(struct Node** head,int key){
    // TODO
}
","To delete a node by value (`key`) in a singly linked list, the general algorithm is:

1. **Check if the list is empty** (head is `NULL`). If yes, just return because there's nothing to delete.

2. **Check if the head node contains the key**:
   - If yes, delete the head node by updating the head pointer to the next node and freeing the old head.

3. **Otherwise, traverse the list to find the node whose `next` node contains the key**:
   - Keep track of the current node.
   - If the next node's data matches the key, change the current node's `next` pointer to skip the node to be deleted.
   - Free the node to be deleted.

4. If the key is not found, do nothing.

---

### Code implementation:

```c
void deleteNode(struct Node** head, int key) {
    if (*head == NULL) return; // Empty list

    struct Node* temp = *head;
    struct Node* prev = NULL;

    // If head node itself holds the key
    if (temp != NULL && temp->data == key) {
        *head = temp->next; // Change head
        free(temp);         // Free old head
        return;
    }

    // Search for the key to be deleted,
    // keep track of previous node to update 'next' pointer
    while (temp != NULL && temp->data != key) {
        prev = temp;
        temp = temp->next;
    }

    // If key was not present in linked list
    if (temp == NULL) return;

    // Unlink the node from linked list
    prev->next = temp->next;

    free(temp); // Free memory
}
```

---

### Explanation:

- The function takes a double pointer to the head node so it can modify the head pointer if the first node needs to be deleted.
- It first checks if the head node itself contains the key.
- If not, it iterates through the list to find the node with the data matching the key.
- Once found, it updates the previous node's `next` pointer to skip the node to be deleted and frees the node.
- If the node with the given key does not exist, the list remains unchanged.",,"Certainly! Here's an explanation of the algorithm to delete a node by value in a singly-linked list, followed by the implementation of the function.

**Algorithm to delete a node by value in a singly-linked list:**

1. **Initialize Pointers:**
   - Use two pointers:
     - `current` to traverse the list starting from the head.
     - `prev` to keep track of the node before `current`.

2. **Search for the Node:**
   - Traverse the list while `current` is not `NULL`.
   - If `current->data` matches the `key`, you've found the node to delete.

3. **Handle Deletion Cases:**
   - **Node to delete is the head:**
     - Update the head pointer to point to the next node.
     - Free the node.
   - **Node to delete is in the middle or end:**
     - Update `prev->next` to point to `current->next`.
     - Free `current`.

4. **Edge Cases:**
   - If the list is empty (`*head == NULL`), do nothing.
   - If the node with the given key is not found, do nothing.

---

### Implementation:

```c
#include <stdlib.h>

struct Node {
    int data;
    struct Node* next;
};

void deleteNode(struct Node** head, int key) {
    if (*head == NULL) {
        // List is empty, nothing to delete
        return;
    }

    struct Node* current = *head;
    struct Node* prev = NULL;

    // Search for the node to delete
    while (current != NULL && current->data != key) {
        prev = current;
        current = current->next;
    }

    // If the node was not found
    if (current == NULL) {
        return;
    }

    // The node to delete is the head node
    if (prev == NULL) {
        *head = current->next;
    } else {
        // The node is in middle or end
        prev->next = current->next;
    }

    free(current);
}
```

---

### Summary:
- Traverse the list to find the node with the matching value.
- Keep track of the previous node to relink the list after deletion.
- Handle deletion at the head separately.
- Free the memory of the deleted node to prevent memory leaks.

Let me know if you'd like an example usage or further clarification!",,"Here's the implementation of `deleteNode` according to the described algorithm:

```c
#include <stdlib.h>

struct Node {
    int data;
    struct Node* next;
};

void deleteNode(struct Node** head, int key) {
    if (*head == NULL) return; // Empty list

    struct Node* temp = *head;

    // If head node itself holds the key
    if (temp->data == key) {
        *head = temp->next; // Change head
        free(temp);         // Free old head
        return;
    }

    // Search for the key to be deleted,
    // keep track of previous node to update 'next' pointer
    struct Node* prev = temp;
    temp = temp->next;
    while (temp != NULL && temp->data != key) {
        prev = temp;
        temp = temp->next;
    }

    // If key was not present in linked list
    if (temp == NULL) return;

    // Unlink the node from linked list
    prev->next = temp->next;

    free(temp); // Free memory
}
```

---

### How this works:
- We first handle the special case where the head node contains the key.
- Otherwise, we traverse the list keeping track of the previous node (`prev`) so that when we find the node containing the key (`temp`), we can unlink it by setting `prev->next = temp->next`.
- Then we free the node to avoid memory leaks.
- If the key is not found, the function simply returns without modifying the list.","Certainly! Based on the described algorithm, here is the complete implementation of the `deleteNode` function to delete a node by value in a singly-linked list:

```c
#include <stdlib.h>

struct Node {
    int data;
    struct Node* next;
};

void deleteNode(struct Node** head, int key) {
    if (*head == NULL) {
        // List is empty, nothing to do
        return;
    }

    struct Node* current = *head;
    struct Node* prev = NULL;

    // Search for the node with the given key
    while (current != NULL && current->data != key) {
        prev = current;
        current = current->next;
    }

    // If the node with key not found
    if (current == NULL) {
        return;
    }

    // If the node to delete is the head node
    if (prev == NULL) {
        *head = current->next;
    } else {
        // Node is in middle or end
        prev->next = current->next;
    }

    free(current);
}
```

**Summary:**  
- We traverse the list with `current` and track the previous node with `prev`.  
- When we find the node with `data == key`, we adjust pointers to remove it from the list.  
- Special handling is done if the node to delete is the head.  
- Finally, we free the memory of the deleted node.

Let me know if you'd like a sample list setup or usage example!",0.8274612426757812,"{'codebleu': 0.46872163515101983, 'ngram_match_score': 0.24805953672957903, 'weighted_ngram_match_score': 0.24378226360826072, 'syntax_match_score': 0.6407766990291263, 'dataflow_match_score': 0.7422680412371134}",0,867
Write the recurrence and base cases for Fibonacci recursion.,"Using them:
{analysis}
complete the Python function.","
def fibonacci(n):
    # TODO
    pass
","Here's the recurrence relation and base cases for the Fibonacci sequence:

- **Base cases:**
  - \( F(0) = 0 \)
  - \( F(1) = 1 \)
- **Recurrence:**
  - For \( n \geq 2 \), \( F(n) = F(n-1) + F(n-2) \)

And here is the corresponding Python code:

```python
def fibonacci(n):
    if n == 0:
        return 0  # Base case
    elif n == 1:
        return 1  # Base case
    else:
        return fibonacci(n-1) + fibonacci(n-2)  # Recurrence
```",,"Certainly! Here's the recurrence relation and the base cases for the Fibonacci sequence, along with the implementation:

**Recurrence relation:**
\[
F(n) = \begin{cases}
0, & \text{if } n=0 \\
1, & \text{if } n=1 \\
F(n-1) + F(n-2), & \text{if } n>1
\end{cases}
\]

**Implementation:**

```python
def fibonacci(n):
    if n == 0:
        return 0  # Base case
    elif n == 1:
        return 1  # Base case
    else:
        return fibonacci(n - 1) + fibonacci(n - 2)  # Recursive case
```

This implementation follows the classic recursive approach. Keep in mind that for large `n`, this can be quite slow due to repeated calculations. For efficiency, consider using memoization or an iterative approach.",,"Certainly! Here's the completed Python function implementing the Fibonacci sequence using the given recurrence and base cases:

```python
def fibonacci(n):
    if n == 0:
        return 0  # Base case
    elif n == 1:
        return 1  # Base case
    else:
        return fibonacci(n-1) + fibonacci(n-2)  # Recurrence
```","Certainly! Here's the completed version of your Fibonacci function using the recurrence and base cases:

```python
def fibonacci(n):
    if n == 0:
        return 0  # Base case
    elif n == 1:
        return 1  # Base case
    else:
        return fibonacci(n - 1) + fibonacci(n - 2)  # Recursive case
```

This implementation directly follows the recurrence relation and base cases you provided. If you'd like a more efficient version, let me know!",0.9541959166526794,"{'codebleu': 0.4895409242241375, 'ngram_match_score': 0.38915259385117457, 'weighted_ngram_match_score': 0.44779898183325434, 'syntax_match_score': 0.7878787878787878, 'dataflow_match_score': 0.3333333333333333}",0,196
"List the attributes Person should initialise (name, age, email optional).","Implement __init__ below following the list:
{analysis}","
class Person:
    def __init__(self):
        pass
","You can initialize the `Person` class with the attributes `name`, `age`, and optionally `email` like this:

```python
class Person:
    def __init__(self, name, age, email=None):
        self.name = name
        self.age = age
        self.email = email
```

Here:
- `name` and `age` are required parameters.
- `email` is optional and defaults to `None` if not provided.",,"To initialize the `Person` class with attributes `name`, `age`, and an optional `email`, you should modify the `__init__` method to accept these parameters, with `email` defaulting to `None` if not provided. Here's an example:

```python
class Person:
    def __init__(self, name, age, email=None):
        self.name = name
        self.age = age
        self.email = email
```

This way, when creating a new `Person`, you can specify the `name` and `age`, and optionally the `email`:

```python
person1 = Person(""Alice"", 30)
person2 = Person(""Bob"", 25, ""bob@example.com"")
```",,"```python
class Person:
    def __init__(self, name, age, email=None):
        self.name = name
        self.age = age
        self.email = email
```","```python
class Person:
    def __init__(self, name, age, email=None):
        self.name = name
        self.age = age
        self.email = email
```",1.0,"{'codebleu': 1.0, 'ngram_match_score': 1.0, 'weighted_ngram_match_score': 1.0, 'syntax_match_score': 1.0, 'dataflow_match_score': 1.0}",1,0
Explain how classic binary search updates left/right based on arr[mid].,"Fill in the TODOs using the explanation:
{analysis}","
public int binarySearch(int[] arr,int target){
    int left=0,right=arr.length-1;
    while(left<=right){
        int mid=(left+right)/2;
        // TODO
    }
    return -1;
}
","Certainly! In a classic binary search, you repeatedly compare the middle element of the current search range to the target value, and then narrow down the search range based on that comparison.

Here's how the `left` and `right` pointers are updated based on `arr[mid]`:

- If `arr[mid]` is equal to the target, you have found the target, so you return `mid`.
- If `arr[mid]` is less than the target, you know the target must be in the right half of the array (if it exists), so you update `left` to `mid + 1`.
- If `arr[mid]` is greater than the target, the target must be in the left half, so you update `right` to `mid - 1`.

Let's fill the TODO part in your code with these steps:

```java
public int binarySearch(int[] arr, int target){
    int left = 0, right = arr.length - 1;
    while (left <= right) {
        int mid = (left + right) / 2;
        if (arr[mid] == target) {
            return mid; // Found target
        } else if (arr[mid] < target) {
            left = mid + 1; // Search right half
        } else {
            right = mid - 1; // Search left half
        }
    }
    return -1; // Target not found
}
```

### Summary:
- **`left = mid + 1`**: when `arr[mid] < target` (search right half)
- **`right = mid - 1`**: when `arr[mid] > target` (search left half)
- **Return `mid`**: when `arr[mid] == target`

This approach halves the search space each iteration, giving a time complexity of O(log n).",,"Certainly! In a classic binary search, you repeatedly compare the target value to the middle element of the current search interval (`arr[mid]`). Based on this comparison, you update the `left` and `right` pointers to narrow down the search range.

Here's how the updates work:

- If `arr[mid]` equals the target, you've found the target and can return the index `mid`.
- If `arr[mid]` is less than the target, it means the target must be in the right half of the current interval (if it exists). So, you set `left = mid + 1` to discard the left half.
- If `arr[mid]` is greater than the target, it means the target must be in the left half, and you set `right = mid - 1` to discard the right half.

Here's the completed code:

```java
public int binarySearch(int[] arr, int target) {
    int left = 0;
    int right = arr.length - 1;
    while (left <= right) {
        int mid = (left + right) / 2;
        if (arr[mid] == target) {
            return mid; // Found the target
        } else if (arr[mid] < target) {
            left = mid + 1; // Search in the right half
        } else {
            right = mid - 1; // Search in the left half
        }
    }
    return -1; // Target not found
}
```

**Summary:**
- When `arr[mid] < target`, update `left = mid + 1`.
- When `arr[mid] > target`, update `right = mid - 1`.
- When `arr[mid] == target`, return `mid`.

This process efficiently narrows down the search space by halving it each iteration.",,"Here's your code with the TODO filled in following the explanation:

```java
public int binarySearch(int[] arr, int target){
    int left = 0, right = arr.length - 1;
    while (left <= right) {
        int mid = (left + right) / 2;
        if (arr[mid] == target) {
            return mid;           // Found target
        } else if (arr[mid] < target) {
            left = mid + 1;       // Search right half
        } else {
            right = mid - 1;      // Search left half
        }
    }
    return -1; // Target not found
}
```","Certainly! Based on the explanation, you should compare `arr[mid]` to `target`, and update `left` or `right` accordingly.

Here's the filled-in code:

```java
public int binarySearch(int[] arr, int target) {
    int left = 0;
    int right = arr.length - 1;
    while (left <= right) {
        int mid = (left + right) / 2;
        if (arr[mid] == target) {
            return mid; // Found the target
        } else if (arr[mid] < target) {
            left = mid + 1; // Search in the right half
        } else {
            right = mid - 1; // Search in the left half
        }
    }
    return -1; // Target not found
}
```

**In the TODO comment, you should place:**

```java
if (arr[mid] == target) {
    return mid;
} else if (arr[mid] < target) {
    left = mid + 1;
} else {
    right = mid - 1;
}
```

This ensures the search correctly narrows down based on the comparison between `arr[mid]` and `target`.",0.8448643684387207,"{'codebleu': 0.46884562725883905, 'ngram_match_score': 0.3534635845966266, 'weighted_ngram_match_score': 0.4300210681966112, 'syntax_match_score': 0.5673076923076923, 'dataflow_match_score': 0.5245901639344263}",0,452
Identify the mismatch between function name isOdd and its logic.,"Provide corrected code that resolves the mismatch, per analysis:
{analysis}","
bool isOdd(int x){
    return x % 2 == 0;
}
","The function name **`isOdd`** suggests that it should return `true` when `x` is an odd number. However, the logic inside the function:

```cpp
return x % 2 == 0;
```

actually returns `true` when `x` is **even** (because an even number modulo 2 equals 0).

### Mismatch:
- **Function name:** `isOdd` (implies checking if the number is odd)
- **Function logic:** checks if the number is even (`x % 2 == 0`)

### Corrected version:
To correctly check if `x` is odd, the function should return `true` when `x % 2 != 0`:

```cpp
bool isOdd(int x){
    return x % 2 != 0;
}
```",,"The mismatch is that the function name `isOdd` suggests it should return `true` when `x` is odd, but the implementation `return x % 2 == 0;` actually returns `true` when `x` is even.

**Corrected version:**

```cpp
bool isOdd(int x){
    return x % 2 != 0;
}
```",,"Here's the corrected code that resolves the mismatch by making the function return `true` when `x` is odd:

```cpp
bool isOdd(int x){
    return x % 2 != 0;
}
```","Certainly! Here's the corrected code that aligns the function's logic with its name `isOdd`:

```cpp
bool isOdd(int x){
    return x % 2 != 0;
}
```

This implementation returns `true` when `x` is odd, matching the intended purpose indicated by the function name.",0.8198491334915161,"{'codebleu': 0.4736754002775793, 'ngram_match_score': 0.38930231938100535, 'weighted_ngram_match_score': 0.415452191782222, 'syntax_match_score': 0.5185185185185185, 'dataflow_match_score': 0.5714285714285714}",0,171
Analyse why JS isEven returns 1|0 not boolean.,"Fix the function based on that analysis:
{analysis}","
function isEven(n){
    return n % 2;
}
","Let's analyze the provided function:

```js
function isEven(n){
    return n % 2;
}
```

### What does the function do?

- It takes a number `n`.
- It returns `n % 2`, i.e., the remainder when `n` is divided by 2.

### What values does `n % 2` produce?

- For even numbers, `n % 2` equals `0`.
- For odd numbers, `n % 2` equals `1` (or `-1` for negative odd numbers, but commonly 1 for positive integers).

### Why does the function return `0` or `1` instead of a boolean?

- The `%` operator returns a **number** representing the remainder.
- The function directly returns this numeric result without converting it to a boolean.
- Therefore, the output is a **number** (`0` or `1`), not a boolean (`true` or `false`).

### Is this output boolean?

- `0` and `1` are numbers, not booleans.
- However, in JavaScript, the number `0` is **falsy** (treated as `false` in boolean contexts).
- The number `1` is **truthy** (treated as `true` in boolean contexts).

Thus, while the function returns numbers `0` or `1`, these can behave like booleans in conditional statements.

### How to make the function return an actual boolean?

If you want `isEven` to return a boolean `true` or `false`, you can explicitly check or coerce the value:

```js
function isEven(n) {
    return n % 2 === 0;
}
```

or use double negation:

```js
function isEven(n) {
    return !(n % 2);
}
```

Both will return `true` for even numbers and `false` for odd numbers.

### Summary

- Your function returns `0` or `1` because `%` returns a number.
- JavaScript treats `0` as falsy and `1` as truthy, so these values can act like booleans in conditionals.
- To return an actual boolean, explicitly compare or coerce the result to a boolean type.",,"The function `isEven(n)` as written:

```javascript
function isEven(n) {
    return n % 2;
}
```

returns the remainder of `n` divided by 2, which can be `0` or `1` (or `-1` for negative odd numbers). In JavaScript, the `%` operator returns a number, not a boolean.

**Why does it return `1` or `0` instead of `true` or `false`?**

- The `%` operator yields a number, so `n % 2` results in `0` for even numbers and `1` (or `-1`) for odd numbers.
- The function does **not** explicitly return a boolean value (`true` or `false`), but rather the numeric result.

**How to make `isEven` return a boolean?**

You can modify the function to explicitly check if `n` is even:

```javascript
function isEven(n) {
    return n % 2 === 0;
}
```

This way, `isEven(4)` returns `true`, and `isEven(3)` returns `false`.

**Summary**

- The original function returns `0` or `1` because it returns the result of `n % 2`.
- In JavaScript, `0` is a falsy value, and `1` is truthy, but they are not booleans.
- To explicitly return booleans, compare the result to `0` using `===`.",,"To fix the `isEven` function so that it returns a **boolean** (`true` for even numbers, `false` for odd numbers), you can update it like this:

```js
function isEven(n) {
    return n % 2 === 0;
}
```

### Explanation:
- `n % 2 === 0` evaluates to `true` when `n` is even (remainder 0), and `false` when `n` is odd.
- This returns a boolean value explicitly instead of a number (`0` or `1`).

Alternatively, you can use double negation to coerce the remainder into a boolean:

```js
function isEven(n) {
    return !(n % 2);
}
```

Both versions ensure the function returns a boolean rather than a number.

---

### Full fixed function:

```js
function isEven(n) {
    return n % 2 === 0;
}
```

---

### Example usage:

```js
console.log(isEven(4)); // true
console.log(isEven(7)); // false
```","To ensure `isEven(n)` returns a boolean (`true` or `false`) instead of a numeric `0` or `1`, you should explicitly compare the result of `n % 2` to `0` using strict equality (`===`). Here's the fixed version:

```javascript
function isEven(n) {
    return n % 2 === 0;
}
```

**Explanation:**
- `n % 2 === 0` evaluates to `true` if `n` is even.
- It evaluates to `false` if `n` is odd.
- This makes the function's return value a boolean, which is clearer and more predictable for logical operations.",0.9105538725852966,"{'codebleu': 0.4979625825906533, 'ngram_match_score': 0.19107339569062978, 'weighted_ngram_match_score': 0.30077693467198324, 'syntax_match_score': 0.5, 'dataflow_match_score': 1.0}",0,580
Decompose the high-level comment into ordered steps the function performs.,"Return the ordered list from analysis:
{analysis}","
// Function that validates an input, calculates square, and returns result
int process(int x){
    if(x<0) return -1;
    return x*x;
}
","1. Check if the input `x` is negative.
2. If `x` is negative, return `-1` to indicate invalid input.
3. If `x` is non-negative, calculate the square of `x`.
4. Return the squared result.",,"1. Receive the input integer `x`.
2. Check if `x` is less than 0.
   - If yes, return -1 to indicate invalid input.
3. If `x` is non-negative, compute the square of `x` (`x * x`).
4. Return the computed square as the result.",,"[
  ""Check if the input `x` is negative."",
  ""If `x` is negative, return `-1` to indicate invalid input."",
  ""If `x` is non-negative, calculate the square of `x`."",
  ""Return the squared result.""
]","1. Receive the input integer `x`.  
2. Check if `x` is less than 0.  
   - If yes, return -1 to indicate invalid input.  
3. If `x` is non-negative, compute the square of `x` (`x * x`).  
4. Return the computed square as the result.",0.8760076761245728,"{'codebleu': 0.3370501917212573, 'ngram_match_score': 0.05698976666941992, 'weighted_ngram_match_score': 0.06393827294288192, 'syntax_match_score': 0.22727272727272727, 'dataflow_match_score': 0.0}",0,102
Plan how to compute an average from a list (sum / len).,"Implement calculate_average using plan:
{analysis}","
def calculate_average(scores):
    total = 0
    # TODO
    pass
","To compute the average from a list of scores, you need to:

1. Sum all the elements in the list.
2. Divide the sum by the number of elements in the list.

Here's how you can complete your function:

```python
def calculate_average(scores):
    total = 0
    for score in scores:
        total += score  # Add each score to total
    average = total / len(scores)  # Divide total by number of scores
    return average
```

Alternatively, you can use Python's built-in `sum()` function to simplify:

```python
def calculate_average(scores):
    total = sum(scores)
    average = total / len(scores)
    return average
```

Remember to handle the case when `scores` is an empty list to avoid division by zero:

```python
def calculate_average(scores):
    if not scores:  # Check if list is empty
        return 0  # or raise an exception, depending on your use case
    total = sum(scores)
    average = total / len(scores)
    return average
```

Let me know if you'd like me to add that error handling!",,"To compute the average from a list of scores, you need to sum all the elements and then divide by the number of elements in the list. Here's how you can implement it:

```python
def calculate_average(scores):
    total = 0
    for score in scores:
        total += score
    if len(scores) == 0:
        return 0  # or handle as appropriate for empty list
    return total / len(scores)
```

Alternatively, you can use Python's built-in functions for more concise code:

```python
def calculate_average(scores):
    if len(scores) == 0:
        return 0  # or handle as appropriate for empty list
    return sum(scores) / len(scores)
```

**Notes:**
- It's good practice to handle the case when the list is empty to avoid division by zero.
- If the list may contain non-numeric values, consider adding validation.",,"Here's the implementation of `calculate_average` following your plan, including handling the empty list case to avoid division by zero:

```python
def calculate_average(scores):
    if not scores:  # Check if the list is empty
        return 0  # or raise an error if preferred
    total = 0
    for score in scores:
        total += score  # Sum all elements
    average = total / len(scores)  # Divide sum by number of elements
    return average
```

This function sums all scores and divides by the length of the list, returning 0 if the list is empty. Let me know if you want it to raise an exception instead!","```python
def calculate_average(scores):
    total = 0
    for score in scores:
        total += score
    if len(scores) == 0:
        return 0  # handle empty list to avoid division by zero
    return total / len(scores)
```",0.9294312596321106,"{'codebleu': 0.5396791349906687, 'ngram_match_score': 0.1526149426659163, 'weighted_ngram_match_score': 0.4961015972967581, 'syntax_match_score': 0.76, 'dataflow_match_score': 0.75}",0,440
"Critique the utility script: list at least three issues (error handling, etc.).","Refactor the script fully, addressing issues listed:
{analysis}","
# utils.py - Script to parse and summarise numeric CSV files
import csv
def read_csv(filepath):
    with open(filepath,'r') as f:
        return [row for row in csv.reader(f)]
def summarize_column(data,index):
    values=[float(row[index]) for row in data[1:]]
    total=sum(values)
    avg=total/len(values)
    return total,avg
def main():
    filepath='data.csv'
    data=read_csv(filepath)
    total,avg=summarize_column(data,1)
    print(""Total:"",total)
    print(""Average:"",avg)
if __name__=='__main__':
    main()
","Here are three issues with the script:

1. **Lack of Error Handling for File Operations and Data Parsing**  
   - The `read_csv` function does not handle exceptions such as `FileNotFoundError` if the file does not exist or `IOError` if the file cannot be read.  
   - The `summarize_column` function assumes that all data rows contain valid numeric values at the specified index. If any cell is empty, non-numeric, or the row is shorter than expected, it will raise a `ValueError` or `IndexError`.

2. **No Header Validation or Column Existence Check**  
   - The script assumes that the CSV file has at least two columns and that the column at the given index (1) contains numeric data. There is no check to confirm the header length or whether the column index is valid, which can lead to runtime errors if the data is malformed.

3. **No Handling of Empty or Malformed Data Rows**  
   - If the CSV file contains empty rows or rows with missing columns, the list comprehension in `summarize_column` will fail. There is no filtering or validation to skip such rows.

Additional minor issues include:  
- No command-line argument support for specifying the input file or column index.  
- No formatting or rounding of output values.  
- The script reads the entire CSV into memory, which could be inefficient for very large files.

Addressing these issues would make the script more robust and user-friendly.",,"Certainly! Here are at least three issues with the provided utility script:

1. **Lack of Error Handling for File Operations:**
   - The `read_csv` function does not handle scenarios where the file might not exist, be inaccessible, or be improperly formatted. Attempting to open a nonexistent file or a file with permission issues would raise an unhandled `FileNotFoundError` or `PermissionError`.
   - **Improvement:** Wrap the file opening in a `try-except` block to catch and handle exceptions gracefully, providing informative error messages.

2. **No Validation or Error Handling for Data Parsing:**
   - In `summarize_column`, the code assumes all data in the specified column can be converted to `float`. If any cell contains non-numeric data, this will raise a `ValueError` and crash the script.
   - **Improvement:** Add validation to check if each value is numeric before conversion, and handle or skip invalid entries with appropriate warnings or error messages.

3. **Potential Division by Zero in Summarization:**
   - If the CSV file has only headers or the specified column contains no data rows, `len(values)` could be zero, leading to a `ZeroDivisionError` when calculating the average.
   - **Improvement:** Check if `values` is empty before performing the division and handle the case accordingly, perhaps returning zero or issuing a warning.

**Additional suggestions:**
- Consider passing `filepath` as a command-line argument rather than hardcoding it.
- Add documentation strings for functions to improve readability and maintainability.
- Implement logging instead of print statements for better control over output.

Overall, enhancing error handling and input validation would significantly improve the robustness and usability of this script.",,"```python
# utils.py - Script to parse and summarise numeric CSV files
import csv
import sys
import argparse

def read_csv(filepath):
    """"""
    Reads a CSV file and returns a list of rows (each row is a list of strings).
    Raises FileNotFoundError or IOError if file cannot be opened.
    """"""
    with open(filepath, newline='') as f:
        return list(csv.reader(f))

def summarize_column(data, index):
    """"""
    Summarizes numeric values in a specified column index of CSV data (including header).
    Ignores rows that are empty, too short, or have non-numeric values in the column.
    Returns (total, average).
    Raises ValueError if header validation or column index is invalid, or no valid data rows found.
    """"""
    if not data:
        raise ValueError(""CSV data is empty"")

    header = data[0]
    if index < 0 or index >= len(header):
        raise ValueError(f""Column index {index} is out of range for header with {len(header)} columns"")

    values = []
    for row_num, row in enumerate(data[1:], start=2):
        # Skip empty or malformed rows
        if len(row) <= index:
            # Could log or print warning here if desired
            continue
        try:
            value = float(row[index])
            values.append(value)
        except ValueError:
            # Could log or print warning here if desired
            continue

    if not values:
        raise ValueError(f""No valid numeric data found in column {index}"")

    total = sum(values)
    avg = total / len(values)
    return total, avg

def parse_args():
    parser = argparse.ArgumentParser(description=""Parse and summarize numeric CSV files."")
    parser.add_argument('filepath', help=""Path to the CSV file to process"")
    parser.add_argument('-c', '--column', type=int, default=1,
                        help=""Zero-based column index to summarize (default: 1)"")
    parser.add_argument('-r', '--round', type=int, default=2,
                        help=""Decimal places to round output values (default: 2)"")
    return parser.parse_args()

def main():
    args = parse_args()
    try:
        data = read_csv(args.filepath)
    except FileNotFoundError:
        print(f""Error: File '{args.filepath}' not found."", file=sys.stderr)
        sys.exit(1)
    except IOError as e:
        print(f""Error reading file '{args.filepath}': {e}"", file=sys.stderr)
        sys.exit(1)

    try:
        total, avg = summarize_column(data, args.column)
    except ValueError as e:
        print(f""Error processing data: {e}"", file=sys.stderr)
        sys.exit(1)

    # Format output with rounding
    total_fmt = round(total, args.round)
    avg_fmt = round(avg, args.round)

    print(f""Total (column {args.column}): {total_fmt}"")
    print(f""Average (column {args.column}): {avg_fmt}"")

if __name__ == '__main__':
    main()
```

---

### Summary of Improvements:
- Added **exception handling** for file reading (`FileNotFoundError`, `IOError`).
- Validated the **column index against the header** length.
- Skipped empty/malformed rows and rows where the column value is not a valid float.
- Raised clear errors if no valid numeric data found.
- Added **command-line arguments** for input file path, column index (zero-based), and output rounding precision.
- Rounded and formatted output for readability.
- Added helpful error messages printed to `stderr`.
- Used `argparse` for a better CLI interface.","Certainly! Here's a fully refactored version of your script that addresses the issues identified:

- Adds proper error handling for file operations.
- Validates and handles non-numeric data gracefully.
- Checks for empty data before computing the average.
- Uses command-line arguments for flexibility.
- Includes docstrings for better readability.
- Uses logging instead of print statements for better control.

```python
import csv
import sys
import logging

# Configure logging
logging.basicConfig(level=logging.INFO, format='%(levelname)s: %(message)s')

def read_csv(filepath):
    """"""
    Reads a CSV file and returns the data as a list of rows.
    Raises FileNotFoundError or other IOErrors if the file cannot be opened.
    """"""
    try:
        with open(filepath, 'r', newline='') as f:
            data = [row for row in csv.reader(f)]
        return data
    except FileNotFoundError:
        logging.error(f""File not found: {filepath}"")
        sys.exit(1)
    except PermissionError:
        logging.error(f""Permission denied: {filepath}"")
        sys.exit(1)
    except Exception as e:
        logging.error(f""Error reading file {filepath}: {e}"")
        sys.exit(1)

def summarize_column(data, index):
    """"""
    Calculates the total and average of a specified numeric column in the data.
    Skips non-numeric entries with a warning.
    Returns (total, average). If no valid numeric entries, returns (0, 0).
    """"""
    values = []
    for row_num, row in enumerate(data[1:], start=2):  # Skip header, start counting from line 2
        if len(row) <= index:
            logging.warning(f""Row {row_num} does not have index {index}: {row}"")
            continue
        value_str = row[index]
        try:
            value = float(value_str)
            values.append(value)
        except ValueError:
            logging.warning(f""Non-numeric value at row {row_num}, column {index}: '{value_str}' - skipping."")
    if not values:
        logging.info(""No valid numeric data found in the specified column."")
        return 0, 0
    total = sum(values)
    avg = total / len(values)
    return total, avg

def main():
    """"""
    Main function to parse command-line arguments and perform the summarization.
    Usage: python utils.py <csv_filepath> <column_index>
    """"""
    if len(sys.argv) != 3:
        print(f""Usage: python {sys.argv[0]} <csv_filepath> <column_index>"")
        sys.exit(1)
    filepath = sys.argv[1]
    try:
        column_index = int(sys.argv[2])
        if column_index < 0:
            raise ValueError
    except ValueError:
        logging.error(""Column index must be a non-negative integer."")
        sys.exit(1)

    data = read_csv(filepath)
    total, avg = summarize_column(data, column_index)
    print(f""Total of column {column_index}: {total}"")
    print(f""Average of column {column_index}: {avg}"")

if __name__ == '__main__':
    main()
```

### Summary of improvements:
- **Error Handling:** The script now handles file-related errors and invalid command-line inputs gracefully.
- **Data Validation:** Non-numeric values are skipped with warnings, preventing crashes.
- **Robustness:** Checks for empty data before computing averages.
- **Flexibility:** Uses command-line arguments to specify the CSV file and column index.
- **Readability & Maintenance:** Includes docstrings and uses logging for better output control.

This version should be significantly more robust and user-friendly.",0.8662141561508179,"{'codebleu': 0.3584636084149937, 'ngram_match_score': 0.18791803329735957, 'weighted_ngram_match_score': 0.20295929944356647, 'syntax_match_score': 0.5397923875432526, 'dataflow_match_score': 0.5031847133757962}",0,2557
"Outline steps to clean text (remove punctuation, lower-case) and count words.","Complete file_processor.py using the outline:
{analysis}","
# file_processor.py - incomplete
import string
def load_file(fp): ...
def clean_line(line):
    # TODO
    pass
def count_words(lines): ...
","Here's an outline and example implementation for the missing parts in your `file_processor.py` to clean text and count words:

```python
import string

def load_file(fp):
    with open(fp, 'r', encoding='utf-8') as f:
        return f.readlines()

def clean_line(line):
    # Convert to lowercase
    line = line.lower()
    # Remove punctuation using str.translate
    translator = str.maketrans('', '', string.punctuation)
    return line.translate(translator)

def count_words(lines):
    word_count = {}
    for line in lines:
        cleaned = clean_line(line)
        words = cleaned.split()
        for word in words:
            word_count[word] = word_count.get(word, 0) + 1
    return word_count
```

### Explanation:
- **load_file(fp)**: Reads all lines from a file and returns them as a list.
- **clean_line(line)**: 
  - Converts text to lowercase.
  - Removes all punctuation characters using `str.translate` with a translation table that deletes punctuation.
- **count_words(lines)**:
  - Iterates over all lines.
  - Cleans each line.
  - Splits the cleaned line into words.
  - Updates the count of each word in a dictionary.
- Returns a dictionary mapping words to their frequency counts.

You can use it like:

```python
lines = load_file('myfile.txt')
counts = count_words(lines)
print(counts)
```

Let me know if you want me to add more features like handling numbers, stopwords, or advanced tokenization.",,"Certainly! Here's an outline of steps to clean text (removing punctuation, converting to lowercase) and count words, along with example implementations for your `file_processor.py`:

```python
# file_processor.py - incomplete
import string

def load_file(fp):
    """"""
    Reads lines from the given file path.
    """"""
    with open(fp, 'r', encoding='utf-8') as file:
        return file.readlines()

def clean_line(line):
    """"""
    Cleans a line by removing punctuation and converting to lowercase.
    """"""
    # Remove punctuation using str.translate
    translator = str.maketrans('', '', string.punctuation)
    cleaned = line.translate(translator)
    # Convert to lowercase
    cleaned = cleaned.lower()
    # Optionally, strip leading/trailing whitespace
    cleaned = cleaned.strip()
    return cleaned

def count_words(lines):
    """"""
    Counts the total number of words in the list of lines.
    """"""
    total_words = 0
    for line in lines:
        # Clean the line
        cleaned_line = clean_line(line)
        # Split into words
        words = cleaned_line.split()
        # Count words
        total_words += len(words)
    return total_words
```

### Summary of steps:
1. **Load the file**: Read all lines from the file.
2. **Clean each line**:
   - Remove punctuation using `str.translate()` with a translation table.
   - Convert all characters to lowercase for uniformity.
3. **Count words**:
   - For each cleaned line, split into words based on whitespace.
   - Sum the number of words across all lines.

You can now call these functions in your main script to process a text file and get the total word count.",,"Here's the completed `file_processor.py` with the functions fully implemented, based on your outline:

```python
import string

def load_file(fp):
    with open(fp, 'r', encoding='utf-8') as f:
        return f.readlines()

def clean_line(line):
    # Convert to lowercase
    line = line.lower()
    # Remove punctuation using str.translate
    translator = str.maketrans('', '', string.punctuation)
    return line.translate(translator)

def count_words(lines):
    word_count = {}
    for line in lines:
        cleaned = clean_line(line)
        words = cleaned.split()
        for word in words:
            word_count[word] = word_count.get(word, 0) + 1
    return word_count
```

**Usage example:**

```python
if __name__ == ""__main__"":
    lines = load_file('myfile.txt')
    counts = count_words(lines)
    print(counts)
```

This code will:

- Open and read all lines from the given file.
- Clean each line by lowercasing and removing punctuation.
- Count occurrences of each word across all lines.
- Return a dictionary with word frequencies.

Let me know if you want me to add unit tests or extra processing!","Certainly! Here's the complete implementation of `file_processor.py` based on your outline:

```python
# file_processor.py
import string

def load_file(fp):
    """"""
    Reads lines from the given file path and returns a list of lines.
    """"""
    with open(fp, 'r', encoding='utf-8') as file:
        return file.readlines()

def clean_line(line):
    """"""
    Cleans a line by removing punctuation and converting to lowercase.
    """"""
    # Create a translation table to remove punctuation
    translator = str.maketrans('', '', string.punctuation)
    # Remove punctuation
    cleaned = line.translate(translator)
    # Convert to lowercase
    cleaned = cleaned.lower()
    # Strip leading/trailing whitespace
    cleaned = cleaned.strip()
    return cleaned

def count_words(lines):
    """"""
    Counts the total number of words in a list of lines.
    """"""
    total_words = 0
    for line in lines:
        # Clean the line
        cleaned_line = clean_line(line)
        # Split into words
        words = cleaned_line.split()
        # Increment total word count
        total_words += len(words)
    return total_words
```

This script:
- Loads a file and returns its lines.
- Cleans each line by removing punctuation and converting to lowercase.
- Counts the total number of words across all lines.

You can now use these functions in your main program to process text files effectively.",0.8693422079086304,"{'codebleu': 0.405548558347659, 'ngram_match_score': 0.14749205290498665, 'weighted_ngram_match_score': 0.16199174277521178, 'syntax_match_score': 0.7386363636363636, 'dataflow_match_score': 0.5740740740740741}",0,835
